order_id,customer_id,product,category,quantity,price_per_unit,order_date,country
1000,C081,Comic,Books,4,499.25,2024-11-14 13:46:19.774688,Italy
1001,C102,Comic,Books,3,1521.91,2024-12-05 18:05:21.101399,France
1002,C130,Headphones,Electronics,3,1665.02,2024-12-28 02:27:23.817143,France
1003,C198,Smartphone,Electronics,3,121.76,2024-11-21 09:34:01.499363,Germany
1004,C137,Smartphone,Electronics,3,750.71,2025-04-14 03:07:54.143878,France
1005,C167,Tablet,Electronics,2,557.1,2025-01-31 01:07:25.343913,Italy
1006,C097,Tablet,Electronics,2,228.5,2025-01-26 13:43:48.992520,Netherlands
1007,C056,T-Shirt,Clothing,3,781.58,2025-04-19 08:23:14.068446,Italy
1008,C132,Comic,Books,4,1200.95,2025-02-13 10:46:24.081574,Spain
1009,C009,Smartphone,Electronics,1,21.74,2025-04-28 01:25:39.855245,Netherlands
1010,C184,Tablet,Electronics,5,1482.58,2024-11-05 21:57:38.109556,France
1011,C192,Tablet,Electronics,1,15.83,2025-04-29 09:18:14.586006,Netherlands
1012,C097,Jacket,Clothing,2,1795.22,2025-02-07 04:43:58.817985,Italy
1013,C115,Sneakers,Clothing,1,1499.73,2024-11-27 01:43:55.369284,Netherlands
1014,C154,Smartphone,Electronics,1,644.54,2025-04-02 22:35:08.365693,Italy
1015,C172,Sneakers,Clothing,2,1111.69,2024-11-30 14:40:06.123429,Germany
1016,C042,Jacket,Clothing,4,1214.15,2025-04-04 10:05:11.677555,Germany
1017,C025,Novel,Books,3,1304.84,2024-12-16 02:20:48.530511,Netherlands
1018,C027,Comic,Books,3,1425.74,2024-11-07 20:27:03.577570,Germany
1019,C012,Smartphone,Electronics,2,484.93,2025-04-20 06:37:34.025325,Germany
1020,C178,Smartphone,Electronics,1,1238.08,2025-03-06 21:09:45.562016,France
1021,C048,Tablet,Electronics,2,55.26,2025-02-15 09:09:37.074846,Spain
1022,C077,Blender,Home,3,651.72,2025-03-19 15:37:41.212991,Netherlands
1023,C118,Blender,Home,2,1431.93,2024-11-08 04:57:22.762314,Spain
1024,C179,Biography,Books,4,1858.53,2025-01-08 02:41:54.068754,France
1025,C033,Sneakers,Clothing,5,1255.78,2025-04-09 01:28:19.017159,Germany
1026,C021,Smartphone,Electronics,4,1725.37,2024-11-26 01:06:27.087607,France
1027,C137,Jacket,Clothing,5,808.35,2024-12-25 20:45:33.864722,Germany
1028,C129,Sneakers,Clothing,3,1043.98,2024-11-05 18:16:40.247451,Netherlands
1029,C032,Tablet,Electronics,5,1973.23,2025-02-03 00:32:12.040671,Italy
1030,C011,Tablet,Electronics,5,1116.1,2025-01-07 04:49:50.247436,France
1031,C117,Biography,Books,2,1917.24,2024-11-19 11:36:08.028298,Netherlands
1032,C163,Headphones,Electronics,2,354.93,2024-11-17 09:17:17.113445,Netherlands
1033,C020,T-Shirt,Clothing,1,1490.96,2024-11-29 18:25:03.815579,France
1034,C120,Smartphone,Electronics,1,1578.72,2024-12-10 15:30:48.917822,Germany
1035,C035,T-Shirt,Clothing,4,610.65,2024-12-31 15:31:14.186557,France
1036,C134,Novel,Books,3,146.86,2025-04-30 15:58:27.776478,Netherlands
1037,C129,Jacket,Clothing,2,441.97,2024-12-06 05:40:54.868658,Italy
1038,C073,Comic,Books,2,1847.28,2025-01-19 22:58:30.704240,France
1039,C062,Biography,Books,5,750.55,2024-11-09 05:00:05.214665,Italy
1040,C173,Blender,Home,4,1987.69,2025-01-06 02:59:23.140724,France
1041,C110,T-Shirt,Clothing,1,1247.95,2024-12-10 07:14:16.995462,Italy
1042,C198,Textbook,Books,2,149.55,2025-02-04 06:51:52.164257,Italy
1043,C018,Novel,Books,1,1531.33,2025-01-12 06:06:46.584533,Germany
1044,C004,Vacuum Cleaner,Home,1,997.97,2025-01-23 05:44:49.487958,Spain
1045,C194,Comic,Books,4,1791.77,2025-01-26 14:14:57.947950,Italy
1046,C200,Blender,Home,2,56.7,2024-12-11 07:46:11.555559,Germany
1047,C182,Smartphone,Electronics,4,1167.64,2025-04-24 17:43:01.797923,Germany
1048,C111,Blender,Home,5,299.83,2025-03-07 22:15:20.406126,Italy
1049,C145,Comic,Books,4,828.83,2025-02-20 02:50:26.341405,Germany
1050,C061,Vacuum Cleaner,Home,1,1827.12,2025-04-29 13:07:37.125102,Germany
1051,C093,Sneakers,Clothing,3,361.25,2025-01-22 11:57:51.516900,France
1052,C105,Novel,Books,5,1649.72,2024-11-26 19:24:37.872604,Italy
1053,C064,Coffee Maker,Home,4,436.13,2024-11-25 05:21:41.390968,Netherlands
1054,C011,Vacuum Cleaner,Home,1,1495.86,2025-04-28 08:27:17.919656,Italy
1055,C076,T-Shirt,Clothing,4,1622.63,2024-12-22 20:24:55.362785,Italy
1056,C100,Smartphone,Electronics,3,915.76,2025-03-04 08:19:25.675225,Italy
1057,C010,Biography,Books,3,1164.55,2025-02-02 09:40:22.249934,France
1058,C041,Headphones,Electronics,3,1857.59,2025-04-03 10:54:04.915632,Netherlands
1059,C114,Headphones,Electronics,3,363.5,2025-01-19 00:25:34.911718,Germany
1060,C088,Smartphone,Electronics,5,241.48,2025-02-15 08:23:36.224916,Netherlands
1061,C124,Vacuum Cleaner,Home,2,234.17,2025-02-17 19:34:26.924729,Germany
1062,C168,Smartphone,Electronics,2,1775.56,2025-04-23 17:55:21.055908,Netherlands
1063,C010,Tablet,Electronics,2,1669.03,2025-03-29 18:57:57.961248,Spain
1064,C189,Coffee Maker,Home,1,1515.19,2024-11-15 02:38:41.332291,Netherlands
1065,C127,Laptop,Electronics,3,428.86,2024-11-08 18:38:48.134787,Netherlands
1066,C087,Vacuum Cleaner,Home,3,1190.23,2024-11-16 22:09:28.504849,Italy
1067,C093,Comic,Books,2,1627.85,2025-02-17 04:58:58.590356,France
1068,C062,Coffee Maker,Home,5,1472.16,2025-02-04 19:00:18.967435,Italy
1069,C108,Novel,Books,2,1580.3,2025-01-04 16:48:18.190334,France
1070,C196,Smartphone,Electronics,1,1531.63,2025-04-28 15:54:19.405776,Italy
1071,C149,Novel,Books,5,777.1,2025-03-29 05:31:16.072875,Germany
1072,C031,Textbook,Books,5,770.89,2024-12-07 18:57:05.616601,Italy
1073,C161,Smartphone,Electronics,1,1041.02,2024-11-18 05:24:43.697701,Italy
1074,C110,Air Purifier,Home,2,1904.26,2024-11-16 11:33:25.687241,Netherlands
1075,C118,Novel,Books,1,1404.54,2025-03-29 17:34:44.978021,Germany
1076,C013,T-Shirt,Clothing,3,1202.79,2025-03-10 04:22:20.519174,Germany
1077,C050,Coffee Maker,Home,4,1060.67,2024-11-21 20:36:13.741940,France
1078,C076,Novel,Books,5,1195.37,2024-11-03 00:07:29.778300,Germany
1079,C039,Blender,Home,3,1105.2,2024-12-25 19:52:21.876914,Netherlands
1080,C159,Vacuum Cleaner,Home,2,1187.42,2024-11-16 07:01:43.480237,Germany
1081,C092,Air Purifier,Home,3,1108.07,2025-04-26 16:39:35.586861,Netherlands
1082,C130,T-Shirt,Clothing,3,218.56,2025-04-26 01:33:46.918329,Spain
1083,C135,Air Purifier,Home,3,1406.88,2025-01-14 20:23:26.875083,Netherlands
1084,C140,Air Purifier,Home,2,561.49,2025-01-08 20:11:22.073292,France
1085,C110,Sneakers,Clothing,3,1833.57,2025-03-20 03:40:03.636056,Germany
1086,C062,Vacuum Cleaner,Home,1,1168.38,2025-04-22 15:26:14.667843,Spain
1087,C107,Tablet,Electronics,1,1301.91,2025-03-26 00:50:11.493312,Netherlands
1088,C173,Jeans,Clothing,3,1904.53,2024-11-08 20:57:56.846997,Germany
1089,C030,Blender,Home,5,1957.67,2024-11-04 01:31:50.146989,Germany
1090,C035,Jeans,Clothing,2,1684.76,2025-04-21 05:00:58.749966,Spain
1091,C050,Jeans,Clothing,2,20.22,2025-04-28 13:57:42.797841,Netherlands
1092,C134,Jeans,Clothing,1,164.67,2025-03-08 07:44:55.859752,Italy
1093,C102,Sneakers,Clothing,2,628.8,2024-12-15 20:57:46.758886,Germany
1094,C141,Biography,Books,5,177.7,2024-12-04 22:18:06.566432,France
1095,C080,Comic,Books,5,1818.77,2025-04-22 09:28:24.927697,Netherlands
1096,C005,Laptop,Electronics,2,319.99,2025-03-16 03:54:37.008259,France
1097,C126,Laptop,Electronics,2,1502.03,2025-01-18 14:54:58.866691,Netherlands
1098,C157,Coffee Maker,Home,2,1128.5,2025-04-12 02:53:36.871646,Spain
1099,C054,Laptop,Electronics,3,1480.65,2025-03-23 04:25:46.784229,France
1100,C048,Vacuum Cleaner,Home,3,608.54,2025-03-08 17:05:34.588484,Spain
1101,C173,Sneakers,Clothing,3,1402.97,2025-04-16 21:45:08.160199,Spain
1102,C149,Air Purifier,Home,1,829.67,2024-11-18 22:08:07.197367,Spain
1103,C138,Coffee Maker,Home,4,214.46,2025-01-13 23:12:34.006850,Germany
1104,C054,T-Shirt,Clothing,4,1518.56,2024-12-25 17:28:50.612855,Germany
1105,C171,Blender,Home,1,22.76,2025-02-01 06:58:00.240001,Italy
1106,C180,Jacket,Clothing,4,243.59,2025-04-07 20:45:36.023866,France
1107,C043,Sneakers,Clothing,4,30.87,2024-12-30 13:43:57.142100,Netherlands
1108,C103,Tablet,Electronics,2,354.02,2025-04-11 07:09:50.639691,Italy
1109,C171,T-Shirt,Clothing,4,1708.48,2025-01-22 17:37:27.996480,France
1110,C100,T-Shirt,Clothing,4,934.03,2025-03-21 08:41:53.504017,Germany
1111,C156,Tablet,Electronics,3,511.29,2025-03-02 14:16:55.805481,Spain
1112,C079,Laptop,Electronics,1,629.15,2024-12-03 11:18:22.577080,Italy
1113,C018,Vacuum Cleaner,Home,4,1987.26,2025-01-11 15:26:18.262312,Germany
1114,C072,Novel,Books,5,573.14,2024-12-14 18:52:17.516107,France
1115,C046,Textbook,Books,4,81.47,2025-04-15 15:15:41.323295,Germany
1116,C105,Tablet,Electronics,2,1867.97,2025-03-22 14:51:38.857059,France
1117,C192,T-Shirt,Clothing,5,1778.11,2025-03-15 16:55:59.222027,Italy
1118,C122,Vacuum Cleaner,Home,5,551.24,2024-12-13 01:14:43.051325,Spain
1119,C043,Tablet,Electronics,1,1389.1,2025-02-07 08:26:19.578195,Germany
1120,C008,Smartphone,Electronics,1,356.24,2025-03-19 10:27:26.208235,Spain
1121,C172,Smartphone,Electronics,5,943.76,2024-11-27 17:03:38.601094,France
1122,C192,Smartphone,Electronics,4,413.24,2025-02-10 11:28:18.768593,Netherlands
1123,C194,T-Shirt,Clothing,2,993.35,2024-12-19 21:05:11.000793,Netherlands
1124,C059,Headphones,Electronics,5,1403.23,2025-04-08 10:28:13.351759,France
1125,C097,Textbook,Books,5,394.16,2025-04-15 04:05:58.020307,France
1126,C133,Biography,Books,2,1348.28,2025-04-29 00:53:37.013540,Italy
1127,C188,Novel,Books,5,1713.09,2025-04-18 14:41:36.590570,Italy
1128,C060,Air Purifier,Home,5,83.91,2025-01-05 08:07:20.452710,Spain
1129,C101,T-Shirt,Clothing,1,692.35,2025-02-07 11:21:42.865874,Spain
1130,C091,Blender,Home,2,816.58,2025-02-25 23:31:00.787406,France
1131,C069,T-Shirt,Clothing,2,128.26,2025-04-02 12:54:07.091001,Germany
1132,C193,Tablet,Electronics,5,1703.33,2025-04-16 15:31:40.595273,France
1133,C131,Novel,Books,2,242.32,2024-12-10 22:43:24.995461,Netherlands
1134,C073,Textbook,Books,3,38.6,2025-03-15 20:48:40.758693,Italy
1135,C078,Jacket,Clothing,4,1681.7,2025-04-24 08:42:09.197559,Netherlands
1136,C150,Air Purifier,Home,5,1286.19,2024-11-30 16:46:54.445717,Germany
1137,C110,Biography,Books,2,837.28,2025-04-06 22:11:26.494534,Spain
1138,C005,Air Purifier,Home,2,1468.88,2025-01-28 08:07:38.022884,Netherlands
1139,C037,Sneakers,Clothing,1,1449.52,2025-02-14 17:15:43.057875,France
1140,C148,Sneakers,Clothing,4,1081.23,2024-12-10 04:30:10.414846,Spain
1141,C083,T-Shirt,Clothing,4,79.7,2025-02-02 23:02:07.532645,Italy
1142,C066,Jeans,Clothing,4,1203.42,2024-11-13 22:35:31.228405,Netherlands
1143,C031,Tablet,Electronics,4,1396.63,2024-12-23 15:58:19.253447,Germany
1144,C011,Comic,Books,1,414.57,2025-03-25 18:32:16.994211,Italy
1145,C061,Air Purifier,Home,5,739.82,2025-03-15 05:20:05.684349,Spain
1146,C032,Blender,Home,5,343.35,2024-11-18 18:39:59.803041,Netherlands
1147,C001,Comic,Books,4,1733.21,2025-03-10 10:07:06.042414,Netherlands
1148,C181,Laptop,Electronics,3,1260.38,2024-12-22 13:44:20.816114,Spain
1149,C099,Textbook,Books,3,1530.94,2025-03-03 00:38:14.493757,Germany
1150,C016,Vacuum Cleaner,Home,4,494.04,2024-12-13 09:45:24.937812,Spain
1151,C140,Vacuum Cleaner,Home,1,883.23,2024-12-20 10:15:07.350167,France
1152,C061,Vacuum Cleaner,Home,4,1241.09,2025-04-22 19:21:36.958019,France
1153,C179,Sneakers,Clothing,4,764.57,2024-11-11 07:11:42.347907,Italy
1154,C049,Novel,Books,2,1934.17,2025-04-23 04:23:05.985169,France
1155,C136,Novel,Books,5,406.87,2025-02-09 23:43:00.485576,France
1156,C118,Air Purifier,Home,3,1712.87,2025-01-18 13:31:44.416599,Germany
1157,C080,Comic,Books,1,598.37,2024-12-18 03:25:59.742157,Spain
1158,C060,Jeans,Clothing,4,743.79,2024-11-03 17:47:17.411548,Spain
1159,C153,Headphones,Electronics,5,459.81,2025-01-08 00:45:32.221216,Netherlands
1160,C073,Jacket,Clothing,3,1359.22,2025-01-24 14:56:18.000451,Netherlands
1161,C060,Textbook,Books,4,522.41,2025-01-14 14:35:12.179746,Spain
1162,C057,Novel,Books,5,129.42,2025-03-12 11:54:19.017913,Italy
1163,C094,Jacket,Clothing,5,1076.42,2024-12-17 21:11:23.928271,Netherlands
1164,C068,Textbook,Books,5,1062.4,2025-02-16 08:54:25.241494,Germany
1165,C030,Novel,Books,2,438.55,2025-01-31 09:01:22.300884,Italy
1166,C152,Smartphone,Electronics,2,1793.81,2025-04-09 04:08:38.468385,Italy
1167,C005,Air Purifier,Home,4,221.33,2025-04-10 13:47:20.158854,Italy
1168,C046,Vacuum Cleaner,Home,5,1451.75,2024-12-18 14:07:25.518538,Spain
1169,C183,Comic,Books,4,642.63,2025-01-27 02:08:10.558018,Germany
1170,C017,Sneakers,Clothing,5,1834.67,2024-11-01 10:21:35.559076,Spain
1171,C075,Tablet,Electronics,2,274.67,2025-02-06 07:19:42.348779,France
1172,C108,Coffee Maker,Home,1,71.29,2024-12-14 05:21:23.832500,Spain
1173,C053,Comic,Books,4,137.08,2025-02-26 06:20:09.926941,Italy
1174,C195,Tablet,Electronics,1,1745.73,2025-03-08 18:51:50.200761,Germany
1175,C057,Comic,Books,2,189.03,2024-12-07 03:39:23.232406,Germany
1176,C093,Biography,Books,1,1322.83,2025-02-10 01:39:11.766068,Germany
1177,C113,Jeans,Clothing,3,784.21,2024-12-23 01:55:41.966632,Germany
1178,C130,Jeans,Clothing,1,361.26,2024-11-20 18:46:50.728443,Germany
1179,C098,Air Purifier,Home,3,1564.6,2025-02-01 14:52:56.748452,Netherlands
1180,C061,Novel,Books,2,1165.67,2024-11-02 13:18:14.832042,France
1181,C037,Smartphone,Electronics,3,795.96,2025-04-17 13:36:12.121292,Netherlands
1182,C012,Comic,Books,5,1852.24,2025-03-22 22:36:11.584921,Germany
1183,C165,Tablet,Electronics,2,1901.46,2025-04-22 17:55:13.640177,France
1184,C105,Biography,Books,4,42.6,2025-04-09 21:11:17.602609,Spain
1185,C043,Sneakers,Clothing,3,1727.92,2024-12-23 23:20:39.987055,France
1186,C154,Jeans,Clothing,5,798.72,2025-04-05 12:45:29.188833,Italy
1187,C003,Biography,Books,2,1950.09,2025-02-24 04:32:46.435633,Netherlands
1188,C095,Blender,Home,5,1553.95,2025-01-24 01:42:45.857274,Netherlands
1189,C192,Smartphone,Electronics,1,1148.57,2024-11-09 20:21:56.999259,Spain
1190,C140,Tablet,Electronics,1,1813.41,2024-12-20 03:24:24.284170,France
1191,C015,Novel,Books,2,1093.11,2024-11-03 01:49:56.335511,France
1192,C009,Textbook,Books,2,1605.22,2024-12-14 10:20:06.180559,France
1193,C175,Tablet,Electronics,4,1294.42,2025-03-11 06:57:36.759174,Italy
1194,C083,Jeans,Clothing,3,928.42,2025-01-12 04:09:02.622223,Germany
1195,C011,Vacuum Cleaner,Home,1,1653.91,2025-02-27 11:28:42.605083,Spain
1196,C104,Textbook,Books,2,363.84,2025-03-17 06:13:20.364988,Germany
1197,C040,Comic,Books,1,1079.21,2025-01-30 05:08:20.069458,Netherlands
1198,C120,Tablet,Electronics,5,1796.81,2025-01-06 09:20:26.498429,Italy
1199,C053,Headphones,Electronics,4,1741.1,2025-03-09 21:29:17.050161,Netherlands
1200,C119,Vacuum Cleaner,Home,3,246.77,2024-12-07 11:02:27.666965,Netherlands
1201,C131,T-Shirt,Clothing,1,539.88,2025-01-31 05:23:21.557210,France
1202,C158,Laptop,Electronics,1,1124.86,2025-03-16 09:45:56.995791,Spain
1203,C129,Comic,Books,4,1312.97,2024-12-20 15:11:55.644105,Netherlands
1204,C185,Vacuum Cleaner,Home,1,1810.94,2025-03-18 10:08:54.690847,Germany
1205,C126,T-Shirt,Clothing,2,700.43,2025-04-24 17:57:51.035945,Italy
1206,C002,Air Purifier,Home,2,1792.6,2024-12-08 00:41:33.629595,Germany
1207,C018,Laptop,Electronics,4,322.12,2024-11-06 16:28:11.917057,Italy
1208,C183,Headphones,Electronics,3,704.04,2025-01-08 05:16:17.134594,Spain
1209,C049,Blender,Home,5,183.91,2024-11-11 08:57:01.648252,Italy
1210,C118,Blender,Home,1,508.11,2024-11-12 07:50:01.970173,France
1211,C051,Biography,Books,5,606.37,2024-11-26 09:28:54.398071,Germany
1212,C183,Headphones,Electronics,1,275.19,2025-04-22 20:44:26.280491,Italy
1213,C169,Sneakers,Clothing,2,567.43,2025-02-10 16:06:11.401601,France
1214,C127,Tablet,Electronics,3,1072.02,2025-04-04 16:54:12.391228,Netherlands
1215,C195,Smartphone,Electronics,3,560.05,2025-02-26 07:30:25.743497,Germany
1216,C121,Comic,Books,2,1893.14,2024-11-13 16:12:13.010430,Spain
1217,C159,Smartphone,Electronics,2,359.29,2024-11-01 20:37:33.476933,Netherlands
1218,C020,Textbook,Books,3,793.19,2024-12-30 02:49:17.722340,Netherlands
1219,C180,Biography,Books,3,114.67,2024-11-10 03:32:18.192043,France
1220,C197,Air Purifier,Home,2,792.47,2025-02-17 15:53:42.688554,France
1221,C075,Blender,Home,1,165.08,2025-03-10 21:55:27.943552,France
1222,C030,Headphones,Electronics,5,1709.08,2025-04-03 09:21:07.524847,France
1223,C169,Headphones,Electronics,1,1072.46,2025-03-18 12:25:41.692158,France
1224,C081,Comic,Books,5,54.47,2025-02-22 22:08:48.165858,Netherlands
1225,C016,Laptop,Electronics,2,978.23,2024-12-04 03:51:55.473346,Germany
1226,C070,Vacuum Cleaner,Home,2,415.86,2025-04-09 23:51:52.105874,Italy
1227,C185,Blender,Home,5,1664.94,2025-01-22 21:22:08.974669,Spain
1228,C042,Jeans,Clothing,5,660.6,2024-11-03 17:02:51.022061,Italy
1229,C154,Jacket,Clothing,5,651.51,2025-03-04 03:03:02.242113,Spain
1230,C146,Sneakers,Clothing,1,1643.91,2025-02-04 05:00:47.945441,Italy
1231,C090,Smartphone,Electronics,4,1315.44,2025-04-16 15:07:19.297043,Germany
1232,C048,Laptop,Electronics,4,1237.62,2025-04-11 14:59:07.684160,France
1233,C018,Coffee Maker,Home,1,1572.98,2025-03-16 01:14:47.305876,Netherlands
1234,C172,Smartphone,Electronics,5,1719.7,2025-01-16 02:39:20.862179,Germany
1235,C187,Tablet,Electronics,5,1529.61,2025-01-09 20:24:48.683437,Netherlands
1236,C137,Tablet,Electronics,2,1756.76,2025-01-08 17:15:22.362679,Germany
1237,C055,Biography,Books,3,1801.95,2024-11-13 00:03:46.197039,Netherlands
1238,C106,Tablet,Electronics,2,1847.15,2025-02-20 04:28:59.531067,Germany
1239,C001,Textbook,Books,3,967.51,2024-11-22 10:38:06.471941,Italy
1240,C063,Headphones,Electronics,2,1575.77,2024-11-03 23:32:45.765336,France
1241,C195,Jeans,Clothing,1,1717.0,2025-04-09 16:41:41.242355,Netherlands
1242,C133,Jeans,Clothing,3,1923.17,2024-11-10 08:56:02.530026,Spain
1243,C075,Laptop,Electronics,1,1275.72,2024-11-14 13:17:59.846059,France
1244,C020,Sneakers,Clothing,4,1534.51,2025-02-19 05:28:15.849534,Italy
1245,C092,Coffee Maker,Home,4,1969.72,2025-01-13 05:25:19.024166,Italy
1246,C081,Blender,Home,5,96.57,2025-01-30 03:25:18.641505,Germany
1247,C151,Jacket,Clothing,4,1019.3,2024-10-30 15:24:10.217798,Spain
1248,C108,Headphones,Electronics,3,183.18,2025-03-27 00:55:50.111543,Spain
1249,C030,Smartphone,Electronics,1,740.98,2025-03-25 20:54:14.105380,Germany
1250,C150,Biography,Books,1,1171.87,2024-12-08 05:15:52.758261,Germany
1251,C025,Jeans,Clothing,4,183.53,2024-12-03 18:33:09.048195,France
1252,C083,Comic,Books,4,1755.19,2025-01-02 03:09:40.577529,Netherlands
1253,C112,Sneakers,Clothing,3,619.51,2025-04-06 20:51:53.278868,Spain
1254,C079,Jeans,Clothing,2,179.36,2025-01-25 21:45:07.507250,Netherlands
1255,C136,Blender,Home,1,1593.2,2025-04-10 11:30:51.741532,Italy
1256,C065,Textbook,Books,4,1205.87,2025-03-07 03:32:20.287752,Germany
1257,C057,Tablet,Electronics,2,1402.13,2025-04-30 18:46:16.212208,Italy
1258,C012,T-Shirt,Clothing,2,877.56,2025-01-12 16:42:02.919332,France
1259,C044,Headphones,Electronics,5,402.65,2025-03-21 16:33:39.292906,Germany
1260,C193,Vacuum Cleaner,Home,4,787.32,2024-11-03 04:17:06.289845,France
1261,C104,Blender,Home,5,1779.58,2024-12-10 12:31:42.638869,Italy
1262,C174,Smartphone,Electronics,5,1477.52,2025-02-09 10:15:11.099801,Netherlands
1263,C114,T-Shirt,Clothing,5,492.22,2025-03-26 18:38:08.266756,Spain
1264,C106,Tablet,Electronics,1,1432.59,2025-01-24 04:28:18.772987,Spain
1265,C162,T-Shirt,Clothing,4,405.69,2024-11-21 02:03:19.758183,Italy
1266,C177,Novel,Books,4,937.98,2025-03-27 00:24:27.470813,Italy
1267,C113,Textbook,Books,4,315.22,2025-01-11 05:31:26.496970,Italy
1268,C065,Vacuum Cleaner,Home,5,1736.12,2025-01-22 20:14:48.970137,France
1269,C035,Novel,Books,4,643.48,2024-12-28 21:22:36.136441,Italy
1270,C150,Comic,Books,5,147.33,2024-11-13 05:40:00.282372,France
1271,C144,Coffee Maker,Home,4,1882.91,2025-01-10 15:54:42.427417,Italy
1272,C190,Tablet,Electronics,2,232.29,2025-04-28 20:03:50.353917,Italy
1273,C060,Coffee Maker,Home,2,858.69,2025-02-01 14:18:42.068155,Italy
1274,C107,Vacuum Cleaner,Home,4,702.24,2025-02-04 12:57:04.420823,Netherlands
1275,C051,Biography,Books,2,1070.56,2025-03-16 14:53:24.586935,Spain
1276,C013,T-Shirt,Clothing,3,144.61,2024-11-04 20:59:22.557292,Spain
1277,C012,Air Purifier,Home,5,1815.61,2025-04-21 14:42:47.947348,Germany
1278,C046,Novel,Books,2,393.39,2025-01-27 20:05:00.432694,Spain
1279,C036,Smartphone,Electronics,4,469.75,2025-01-31 13:57:40.481755,Netherlands
1280,C084,Jeans,Clothing,5,817.95,2025-03-22 14:31:21.126081,Spain
1281,C061,Textbook,Books,2,1625.0,2025-02-12 08:53:34.373995,France
1282,C199,Novel,Books,5,246.44,2025-02-02 15:10:27.999217,Italy
1283,C132,Jeans,Clothing,4,1416.11,2025-01-24 02:26:10.107703,Netherlands
1284,C037,Textbook,Books,3,651.71,2025-04-22 22:11:13.335187,Italy
1285,C010,Biography,Books,2,1442.64,2025-01-02 15:46:31.753821,Germany
1286,C002,Novel,Books,5,1790.93,2025-01-12 14:19:10.169341,Netherlands
1287,C122,T-Shirt,Clothing,4,1373.54,2025-02-26 16:34:33.647858,Netherlands
1288,C096,Air Purifier,Home,3,1368.65,2025-02-06 22:19:04.544286,France
1289,C134,Blender,Home,4,1616.26,2024-11-09 09:24:32.620209,Spain
1290,C167,Coffee Maker,Home,3,1314.34,2025-04-19 10:15:52.559832,France
1291,C195,Coffee Maker,Home,4,614.16,2025-02-05 11:24:18.069630,Italy
1292,C133,Textbook,Books,5,348.74,2025-02-11 14:57:32.760404,Netherlands
1293,C184,Laptop,Electronics,2,1514.6,2025-02-23 01:15:52.520902,Italy
1294,C151,T-Shirt,Clothing,3,1459.22,2025-04-05 07:40:36.560793,Germany
1295,C003,Textbook,Books,3,663.43,2025-01-21 04:44:18.563784,Netherlands
1296,C084,Laptop,Electronics,2,120.92,2025-01-24 06:44:24.669985,Netherlands
1297,C044,Vacuum Cleaner,Home,4,586.15,2025-04-11 16:11:37.473948,Italy
1298,C185,Air Purifier,Home,4,1680.3,2025-04-15 08:40:40.649918,Spain
1299,C035,Jeans,Clothing,5,1082.71,2025-02-04 15:47:28.492328,Italy
1300,C122,Textbook,Books,5,1080.92,2025-01-13 11:56:22.549492,Netherlands
1301,C173,Coffee Maker,Home,4,781.14,2025-01-12 19:47:23.613604,France
1302,C123,Comic,Books,3,704.39,2025-04-18 23:35:14.248449,Spain
1303,C132,Smartphone,Electronics,3,1414.47,2024-11-01 03:14:04.413383,France
1304,C074,Novel,Books,4,851.53,2025-04-07 13:31:36.920254,Germany
1305,C059,T-Shirt,Clothing,2,760.51,2025-04-27 10:53:51.972386,France
1306,C102,Novel,Books,3,218.14,2025-03-13 22:11:58.526054,Germany
1307,C065,Blender,Home,1,145.01,2025-03-17 04:45:33.643768,Netherlands
1308,C135,Textbook,Books,3,1737.16,2025-04-25 16:55:36.862906,Italy
1309,C082,Coffee Maker,Home,4,72.09,2024-12-13 08:04:46.029232,Netherlands
1310,C088,Comic,Books,3,1405.79,2025-02-05 12:03:37.296571,Spain
1311,C011,Jacket,Clothing,2,1570.19,2024-12-28 18:22:50.447232,France
1312,C040,Comic,Books,3,1439.84,2025-01-13 22:21:25.424838,Germany
1313,C099,Novel,Books,5,1096.37,2025-03-23 00:57:13.671023,France
1314,C030,Coffee Maker,Home,1,159.13,2025-03-18 12:34:54.235982,Germany
1315,C161,Smartphone,Electronics,4,1665.6,2025-03-18 16:28:11.426095,France
1316,C193,Comic,Books,3,998.04,2025-03-25 01:28:04.651752,Spain
1317,C067,Smartphone,Electronics,1,35.16,2025-03-01 15:33:09.936051,Germany
1318,C175,Smartphone,Electronics,2,131.54,2024-12-07 02:50:48.938996,Spain
1319,C169,Novel,Books,2,935.88,2025-01-03 16:36:51.936575,Spain
1320,C086,Novel,Books,1,1380.91,2025-01-31 02:39:06.417938,Italy
1321,C098,T-Shirt,Clothing,2,540.49,2024-12-22 01:12:56.283498,Germany
1322,C086,Air Purifier,Home,5,1020.73,2024-12-06 20:57:05.919787,Germany
1323,C125,Biography,Books,5,1651.45,2025-02-27 09:58:37.423566,Netherlands
1324,C110,Biography,Books,1,1361.38,2025-03-22 10:40:11.219068,Netherlands
1325,C095,Vacuum Cleaner,Home,4,847.31,2025-01-04 16:35:56.444387,Spain
1326,C148,Jacket,Clothing,2,1581.53,2024-11-09 11:41:18.791631,France
1327,C152,Blender,Home,4,547.55,2024-12-02 17:24:27.248108,Germany
1328,C188,Tablet,Electronics,5,1368.65,2024-11-21 02:09:29.405936,Italy
1329,C072,Air Purifier,Home,4,570.85,2024-11-30 17:30:51.681010,Germany
1330,C063,Tablet,Electronics,5,59.91,2025-04-25 19:58:58.627298,Spain
1331,C062,Smartphone,Electronics,1,1039.45,2024-12-18 12:09:46.031238,France
1332,C130,Textbook,Books,5,357.74,2024-12-09 20:22:05.379588,Italy
1333,C010,Sneakers,Clothing,3,1185.83,2024-11-05 00:22:40.605970,Germany
1334,C039,Textbook,Books,5,241.66,2025-01-02 13:53:33.713342,Netherlands
1335,C058,Coffee Maker,Home,3,1580.0,2025-04-02 17:56:42.323926,Netherlands
1336,C131,Laptop,Electronics,1,1227.36,2024-12-25 23:07:02.431912,Germany
1337,C086,Textbook,Books,1,341.95,2024-12-12 14:12:34.229258,Italy
1338,C098,Coffee Maker,Home,4,342.49,2024-12-29 01:29:25.701859,Spain
1339,C149,Textbook,Books,4,1024.1,2024-11-02 16:36:56.475029,Italy
1340,C107,Vacuum Cleaner,Home,1,854.62,2025-04-01 13:12:12.640327,Italy
1341,C161,Coffee Maker,Home,5,1643.12,2024-11-15 11:02:19.939201,Germany
1342,C010,T-Shirt,Clothing,2,555.12,2025-01-24 01:20:06.795388,Italy
1343,C008,Laptop,Electronics,2,1634.29,2025-01-17 02:44:10.937443,France
1344,C131,Textbook,Books,3,436.88,2024-11-19 12:35:03.613327,France
1345,C047,Jeans,Clothing,3,621.99,2024-12-03 09:54:22.012044,Netherlands
1346,C088,Vacuum Cleaner,Home,3,302.62,2025-02-14 08:51:37.531851,Germany
1347,C007,Smartphone,Electronics,3,1245.24,2024-10-30 11:42:35.255535,Germany
1348,C149,Laptop,Electronics,4,690.96,2024-11-05 22:26:25.628795,Italy
1349,C127,Jeans,Clothing,4,1726.92,2024-11-22 00:07:36.110624,France
1350,C123,Headphones,Electronics,3,323.64,2025-01-03 21:44:38.867237,Spain
1351,C034,Comic,Books,5,1239.2,2024-11-13 18:23:41.824020,Spain
1352,C165,T-Shirt,Clothing,5,1476.26,2025-03-14 09:35:22.992804,Netherlands
1353,C166,Vacuum Cleaner,Home,4,1794.51,2024-11-17 20:29:59.816313,France
1354,C152,Textbook,Books,5,960.89,2024-12-27 11:21:59.506673,Netherlands
1355,C046,Laptop,Electronics,3,1287.44,2024-11-30 06:36:30.542080,Spain
1356,C033,Vacuum Cleaner,Home,5,1697.73,2025-02-22 13:04:03.041895,Germany
1357,C126,Coffee Maker,Home,1,590.05,2025-04-14 14:43:36.864076,Italy
1358,C017,Blender,Home,3,1851.81,2024-12-30 14:15:19.756152,France
1359,C069,Comic,Books,3,1580.88,2025-04-03 12:37:04.741932,Netherlands
1360,C066,Air Purifier,Home,4,264.81,2025-03-27 08:30:44.871415,Netherlands
1361,C033,Tablet,Electronics,1,763.36,2025-03-19 06:34:19.291623,Netherlands
1362,C153,Jacket,Clothing,4,885.69,2024-11-08 11:39:27.301047,Italy
1363,C078,T-Shirt,Clothing,1,239.54,2024-12-17 18:19:49.414494,Italy
1364,C087,Tablet,Electronics,4,1354.35,2024-12-03 06:19:58.900399,Germany
1365,C103,Blender,Home,4,1999.33,2025-02-08 18:19:59.362569,Netherlands
1366,C099,Coffee Maker,Home,5,660.46,2024-11-17 18:20:28.016342,Netherlands
1367,C109,Vacuum Cleaner,Home,5,1058.12,2024-11-02 22:49:03.968364,Netherlands
1368,C062,Blender,Home,5,1666.56,2025-03-18 16:23:44.253890,France
1369,C092,Smartphone,Electronics,5,979.8,2025-03-13 19:11:15.229665,Netherlands
1370,C131,Tablet,Electronics,5,1017.33,2025-01-03 21:06:59.544280,Netherlands
1371,C044,Sneakers,Clothing,2,120.18,2025-04-21 23:39:07.801016,Italy
1372,C165,Textbook,Books,1,1513.19,2025-04-10 22:08:38.202013,Netherlands
1373,C109,Air Purifier,Home,3,1388.93,2025-01-29 07:03:23.845815,France
1374,C117,Comic,Books,5,915.97,2024-11-07 03:11:59.048116,Italy
1375,C001,Comic,Books,3,1069.06,2025-03-05 15:23:16.416643,Italy
1376,C154,Textbook,Books,1,1933.02,2025-04-17 17:20:51.893764,France
1377,C131,Textbook,Books,1,624.62,2025-03-27 11:27:21.381418,France
1378,C027,T-Shirt,Clothing,5,874.63,2025-04-21 06:11:33.293901,France
1379,C070,Textbook,Books,4,122.79,2025-03-06 02:32:03.259240,Netherlands
1380,C156,Novel,Books,2,1808.1,2024-12-04 18:38:48.939115,Germany
1381,C153,T-Shirt,Clothing,3,1856.8,2025-04-09 05:32:48.163672,Netherlands
1382,C017,Novel,Books,5,1801.64,2025-03-09 22:37:49.093343,France
1383,C158,T-Shirt,Clothing,3,1242.11,2025-04-01 08:53:06.400226,France
1384,C007,Comic,Books,5,291.17,2024-12-18 17:15:21.452000,Netherlands
1385,C123,Laptop,Electronics,1,563.49,2025-04-29 22:27:13.273005,Italy
1386,C097,Tablet,Electronics,4,1636.94,2024-12-08 04:50:20.470237,France
1387,C179,Jeans,Clothing,2,1806.16,2025-01-27 16:34:01.956995,Spain
1388,C013,Blender,Home,5,1352.52,2024-11-18 05:03:15.716407,Italy
1389,C082,Biography,Books,1,1108.65,2024-11-30 12:03:44.524875,Germany
1390,C198,T-Shirt,Clothing,5,289.81,2025-01-09 12:34:31.906541,Germany
1391,C161,Headphones,Electronics,3,1817.91,2024-12-08 14:48:49.850606,Italy
1392,C154,Biography,Books,4,1609.94,2025-01-23 23:59:06.191009,Germany
1393,C065,T-Shirt,Clothing,2,1978.77,2024-11-23 13:31:36.904445,France
1394,C148,Sneakers,Clothing,4,629.36,2024-12-20 11:09:13.648721,Spain
1395,C052,Sneakers,Clothing,4,1618.97,2025-02-05 13:40:14.840924,Netherlands
1396,C143,Air Purifier,Home,1,460.44,2025-01-06 19:47:37.743167,Italy
1397,C172,Jeans,Clothing,2,610.34,2025-03-30 15:18:02.026020,Germany
1398,C021,Air Purifier,Home,5,925.25,2024-11-13 21:38:42.752598,Germany
1399,C120,Coffee Maker,Home,5,270.37,2025-02-12 13:06:59.535284,Italy
1400,C047,Vacuum Cleaner,Home,2,172.69,2025-01-16 16:19:33.886910,Germany
1401,C110,Headphones,Electronics,1,686.59,2025-01-02 15:40:53.062734,Italy
1402,C072,Jacket,Clothing,3,1613.85,2025-02-13 05:22:44.291070,Germany
1403,C048,Smartphone,Electronics,5,637.81,2025-01-31 02:06:44.258527,Germany
1404,C183,T-Shirt,Clothing,5,1734.63,2025-03-08 02:42:35.925730,Italy
1405,C004,Laptop,Electronics,3,265.84,2025-01-17 20:02:58.109912,Italy
1406,C010,Sneakers,Clothing,5,1593.48,2025-04-01 20:31:07.046163,France
1407,C015,Laptop,Electronics,2,975.78,2025-04-20 10:12:23.723930,Italy
1408,C083,Sneakers,Clothing,3,1708.69,2024-12-26 21:42:18.651347,Italy
1409,C090,Headphones,Electronics,3,1679.78,2025-01-18 01:04:02.472234,Spain
1410,C055,Biography,Books,2,1941.33,2024-11-24 14:43:52.187556,France
1411,C160,T-Shirt,Clothing,3,1412.53,2025-01-27 12:18:51.521284,Spain
1412,C092,Jeans,Clothing,5,58.53,2025-03-08 15:20:35.064045,Germany
1413,C134,Blender,Home,3,1534.78,2025-02-06 19:31:13.153169,Germany
1414,C166,Smartphone,Electronics,2,566.69,2024-11-15 23:55:32.238607,Spain
1415,C149,Smartphone,Electronics,5,823.15,2025-03-27 12:37:01.085719,Germany
1416,C037,Jeans,Clothing,2,198.15,2024-12-02 03:04:31.535552,Spain
1417,C038,Headphones,Electronics,2,685.5,2025-02-23 14:38:47.767887,Spain
1418,C181,Vacuum Cleaner,Home,5,722.53,2025-04-07 07:20:35.324712,France
1419,C027,Vacuum Cleaner,Home,4,1075.54,2024-11-21 22:10:19.521087,Netherlands
1420,C079,Headphones,Electronics,2,375.66,2024-11-21 00:02:41.780361,Italy
1421,C104,Jacket,Clothing,1,1969.24,2025-04-06 12:31:02.435354,Italy
1422,C016,Biography,Books,5,259.23,2025-01-02 09:31:12.345014,Netherlands
1423,C196,Coffee Maker,Home,5,1505.64,2024-12-24 23:24:58.633842,Netherlands
1424,C199,T-Shirt,Clothing,5,1285.17,2025-04-29 17:14:55.267517,France
1425,C146,Sneakers,Clothing,2,900.13,2024-12-09 05:37:10.742342,Netherlands
1426,C062,Biography,Books,4,1966.78,2025-03-31 17:32:48.137956,France
1427,C185,Air Purifier,Home,1,215.05,2024-12-26 05:07:23.857939,Spain
1428,C161,Biography,Books,4,1096.52,2024-12-23 07:11:32.536442,France
1429,C037,Jacket,Clothing,3,1015.02,2024-12-31 00:25:51.293991,Netherlands
1430,C160,Vacuum Cleaner,Home,3,1199.31,2025-02-25 22:46:24.630185,Germany
1431,C130,Laptop,Electronics,4,227.54,2024-11-03 03:01:48.540685,Germany
1432,C096,Biography,Books,3,1054.24,2025-04-25 21:32:58.627858,Spain
1433,C099,Tablet,Electronics,2,339.85,2024-11-25 00:24:57.330065,France
1434,C193,Headphones,Electronics,1,900.65,2025-01-27 14:41:36.640357,Italy
1435,C089,Sneakers,Clothing,5,1066.41,2024-12-04 22:37:41.296746,France
1436,C177,Vacuum Cleaner,Home,1,873.88,2025-01-10 20:44:26.423199,Germany
1437,C161,Textbook,Books,1,184.96,2024-11-28 06:44:24.447585,Netherlands
1438,C163,Headphones,Electronics,2,940.63,2025-04-09 12:01:35.753785,France
1439,C197,Smartphone,Electronics,5,950.85,2025-03-03 05:38:07.008805,Germany
1440,C088,Comic,Books,1,451.66,2024-12-01 20:54:26.326848,Germany
1441,C162,Smartphone,Electronics,4,1390.23,2024-11-28 15:20:26.371346,Spain
1442,C175,Headphones,Electronics,5,1097.55,2025-04-10 11:17:57.014623,Netherlands
1443,C076,Jeans,Clothing,3,437.0,2025-02-13 21:41:40.514319,Germany
1444,C088,Jeans,Clothing,1,1475.82,2024-12-08 22:50:05.350722,Netherlands
1445,C034,Jeans,Clothing,5,1700.32,2025-03-19 18:40:44.179571,Italy
1446,C173,Tablet,Electronics,3,1566.45,2025-02-18 22:04:57.319978,Spain
1447,C016,Laptop,Electronics,2,1695.94,2024-12-31 12:08:21.741607,France
1448,C175,Smartphone,Electronics,5,1863.58,2025-04-01 17:49:19.144860,Netherlands
1449,C010,Headphones,Electronics,5,703.35,2024-11-25 18:46:06.930441,Germany
1450,C031,Smartphone,Electronics,3,263.53,2025-02-17 15:02:57.377588,Spain
1451,C079,Coffee Maker,Home,5,1143.1,2024-11-13 14:16:13.374042,France
1452,C013,Jacket,Clothing,1,881.71,2025-03-02 13:33:13.352906,Netherlands
1453,C148,Laptop,Electronics,4,1376.33,2025-03-26 00:10:09.644598,Germany
1454,C029,Laptop,Electronics,5,912.34,2025-01-23 12:06:38.950318,France
1455,C120,Novel,Books,5,35.76,2025-01-12 23:42:16.166628,Italy
1456,C171,Jeans,Clothing,2,963.87,2025-01-28 13:12:54.380676,Italy
1457,C128,Comic,Books,5,801.98,2024-12-15 13:51:30.148866,Germany
1458,C128,Headphones,Electronics,3,185.66,2025-02-10 06:34:40.921001,France
1459,C194,Coffee Maker,Home,4,1052.23,2025-03-11 15:08:03.656260,France
1460,C183,Laptop,Electronics,3,1588.27,2025-04-03 00:58:12.963180,Germany
1461,C198,Biography,Books,1,666.16,2025-01-29 12:56:32.811969,Germany
1462,C024,Laptop,Electronics,2,1210.33,2025-02-12 04:55:32.896264,Italy
1463,C003,Laptop,Electronics,4,1737.06,2024-11-29 01:56:28.287032,Italy
1464,C150,Smartphone,Electronics,4,1165.8,2024-11-08 16:44:58.406517,Italy
1465,C025,T-Shirt,Clothing,2,338.98,2025-01-06 16:39:56.714739,Germany
1466,C134,Air Purifier,Home,4,1421.91,2024-11-18 03:10:32.498082,France
1467,C038,Jeans,Clothing,3,786.09,2025-04-06 03:41:17.411796,Spain
1468,C003,Laptop,Electronics,5,164.29,2025-03-09 22:26:43.785746,Spain
1469,C062,Sneakers,Clothing,1,42.85,2024-12-13 16:43:12.049511,France
1470,C182,Jeans,Clothing,4,1671.09,2025-01-10 21:41:03.848425,Germany
1471,C097,Novel,Books,5,969.38,2025-02-16 16:43:19.333669,Germany
1472,C119,Vacuum Cleaner,Home,3,298.89,2024-11-12 03:53:27.205237,France
1473,C134,Laptop,Electronics,2,480.06,2025-02-19 11:16:22.171451,Spain
1474,C092,Laptop,Electronics,1,1210.04,2024-11-29 10:06:50.360253,Germany
1475,C170,Smartphone,Electronics,5,979.24,2025-03-20 16:07:44.978401,Germany
1476,C145,Coffee Maker,Home,2,1190.12,2024-12-20 23:40:37.535099,Spain
1477,C122,Tablet,Electronics,2,378.47,2025-04-19 12:42:31.058503,Italy
1478,C192,Biography,Books,5,674.22,2025-04-01 10:22:46.591136,Germany
1479,C112,Tablet,Electronics,5,1268.89,2025-01-08 07:45:52.575464,Italy
1480,C178,Biography,Books,2,515.31,2025-01-21 06:55:56.958236,France
1481,C117,Novel,Books,4,1353.13,2024-12-03 15:48:54.630505,Netherlands
1482,C135,Jacket,Clothing,3,373.93,2025-02-13 07:30:02.820698,Germany
1483,C162,Blender,Home,3,208.82,2025-02-19 02:58:00.207217,Italy
1484,C168,T-Shirt,Clothing,5,142.19,2025-01-28 17:06:32.187632,Netherlands
1485,C172,Biography,Books,5,1627.44,2025-02-01 11:35:13.815860,Italy
1486,C183,T-Shirt,Clothing,4,126.15,2024-12-04 21:16:31.978554,Germany
1487,C164,Tablet,Electronics,5,1955.04,2025-01-07 11:10:03.204583,Italy
1488,C069,Blender,Home,2,1817.47,2025-03-31 13:19:38.679743,France
1489,C137,Headphones,Electronics,1,1128.06,2025-03-24 07:27:49.489261,Germany
1490,C121,Headphones,Electronics,2,999.69,2025-02-24 21:14:38.861637,France
1491,C054,Vacuum Cleaner,Home,5,1388.78,2024-12-29 21:06:03.345344,Netherlands
1492,C023,Smartphone,Electronics,1,298.9,2025-01-21 22:35:20.132290,Italy
1493,C183,Vacuum Cleaner,Home,1,210.99,2025-03-06 23:27:46.736907,Italy
1494,C153,Tablet,Electronics,1,248.8,2025-03-27 18:09:06.595245,France
1495,C028,Vacuum Cleaner,Home,4,1043.53,2025-04-14 01:54:59.339054,Italy
1496,C041,T-Shirt,Clothing,5,1488.17,2025-04-04 23:45:07.703743,Germany
1497,C160,Tablet,Electronics,5,1407.59,2025-01-03 19:48:48.165728,Germany
1498,C032,Headphones,Electronics,4,99.77,2024-12-07 14:27:39.556926,Spain
1499,C155,T-Shirt,Clothing,3,1405.33,2024-11-08 19:50:53.276579,Italy
1500,C046,Comic,Books,2,173.3,2025-03-16 23:22:18.815307,Spain
1501,C058,Novel,Books,2,1604.34,2024-11-30 15:20:25.684179,Italy
1502,C070,Coffee Maker,Home,3,1550.81,2024-11-20 06:57:50.632609,France
1503,C173,Textbook,Books,5,1468.67,2025-01-31 11:12:36.040953,Netherlands
1504,C004,Coffee Maker,Home,5,1013.15,2025-02-23 02:45:28.098469,Spain
1505,C150,Coffee Maker,Home,2,1140.51,2025-04-03 09:53:35.557899,France
1506,C092,Biography,Books,5,1159.43,2025-02-25 21:49:10.530294,Spain
1507,C052,Sneakers,Clothing,4,955.23,2024-12-09 08:16:40.584650,Germany
1508,C180,Textbook,Books,5,945.37,2025-02-28 03:28:12.455329,Spain
1509,C005,Blender,Home,1,1995.89,2025-01-03 04:20:59.979681,Germany
1510,C059,Jeans,Clothing,3,96.68,2025-02-10 10:29:36.528099,Germany
1511,C106,Smartphone,Electronics,5,482.04,2025-03-17 04:01:03.431603,Spain
1512,C183,Jacket,Clothing,2,388.43,2025-02-24 09:38:31.803962,Germany
1513,C070,Coffee Maker,Home,5,353.32,2024-12-05 14:23:58.864073,Germany
1514,C007,Jeans,Clothing,5,1829.67,2025-02-22 01:21:40.298050,Italy
1515,C166,Sneakers,Clothing,3,267.52,2025-03-12 06:42:53.992216,Spain
1516,C094,Laptop,Electronics,4,885.59,2024-12-31 19:10:45.923222,Netherlands
1517,C185,T-Shirt,Clothing,5,984.02,2024-12-27 10:34:40.065402,Italy
1518,C020,Smartphone,Electronics,3,1960.92,2025-02-16 00:35:03.510070,Germany
1519,C116,Air Purifier,Home,1,1332.61,2025-02-09 21:44:29.376964,Italy
1520,C080,Headphones,Electronics,3,1960.29,2024-12-21 16:58:03.639318,France
1521,C010,Comic,Books,4,384.01,2025-02-20 16:22:53.781984,Italy
1522,C075,T-Shirt,Clothing,3,1344.19,2024-12-27 03:54:25.651442,Germany
1523,C093,Vacuum Cleaner,Home,5,159.87,2025-03-01 14:58:22.879400,France
1524,C139,Air Purifier,Home,5,839.25,2025-01-19 14:55:39.744462,Spain
1525,C116,Smartphone,Electronics,4,137.35,2025-03-12 17:51:42.742799,Italy
1526,C010,Sneakers,Clothing,5,239.68,2025-01-30 18:57:34.246942,France
1527,C013,Laptop,Electronics,5,922.31,2024-11-28 18:50:17.955231,France
1528,C070,Sneakers,Clothing,5,335.23,2025-04-07 08:18:03.369836,Germany
1529,C061,Vacuum Cleaner,Home,3,1729.07,2024-12-06 09:42:31.780231,Italy
1530,C144,T-Shirt,Clothing,1,544.42,2024-11-06 02:37:41.144222,Italy
1531,C060,Jacket,Clothing,5,817.68,2025-04-29 11:47:22.247407,Italy
1532,C199,Textbook,Books,4,1815.72,2024-11-05 01:58:25.210423,Italy
1533,C058,Jacket,Clothing,3,866.25,2024-12-22 18:54:30.793253,Italy
1534,C138,Tablet,Electronics,4,1895.72,2025-04-18 20:25:12.407710,Netherlands
1535,C159,Comic,Books,4,761.55,2025-02-23 17:37:33.960598,Spain
1536,C128,Biography,Books,5,1782.91,2025-04-11 22:11:43.425205,Germany
1537,C014,Laptop,Electronics,4,1485.55,2024-11-17 15:41:08.075558,Spain
1538,C125,Jacket,Clothing,2,1827.48,2025-01-16 09:47:18.060969,France
1539,C051,Biography,Books,3,1049.48,2025-01-19 06:12:20.265686,Germany
1540,C047,Vacuum Cleaner,Home,4,1726.28,2025-02-20 11:48:28.179428,Netherlands
1541,C120,Air Purifier,Home,1,1286.24,2024-12-16 23:04:10.806109,Netherlands
1542,C120,Smartphone,Electronics,4,557.65,2025-02-16 00:44:29.678214,Germany
1543,C156,Vacuum Cleaner,Home,4,1402.78,2025-04-28 17:50:01.544421,France
1544,C141,Air Purifier,Home,5,155.01,2025-03-02 01:50:44.197064,Germany
1545,C184,Textbook,Books,5,1928.75,2025-03-07 07:12:02.857972,France
1546,C164,Air Purifier,Home,1,363.25,2025-04-13 23:57:39.484843,Germany
1547,C136,Laptop,Electronics,3,990.98,2024-12-20 03:33:04.347800,Italy
1548,C133,T-Shirt,Clothing,3,918.09,2025-03-05 19:55:39.710963,France
1549,C082,Sneakers,Clothing,5,1647.57,2024-11-22 01:05:35.781493,Spain
1550,C108,Comic,Books,4,514.73,2025-01-19 16:47:25.786759,France
1551,C181,Textbook,Books,1,54.56,2024-12-05 11:28:29.960342,Netherlands
1552,C090,Comic,Books,2,200.49,2024-11-09 00:52:31.991351,Germany
1553,C128,Air Purifier,Home,4,461.86,2025-04-18 16:19:04.160439,France
1554,C072,Jacket,Clothing,3,1668.48,2024-12-02 17:45:34.411268,France
1555,C048,Vacuum Cleaner,Home,1,1072.27,2025-01-16 02:20:59.289316,Netherlands
1556,C037,Comic,Books,2,1119.25,2024-12-20 11:01:19.366343,France
1557,C069,Coffee Maker,Home,4,45.67,2024-12-08 10:20:30.864534,France
1558,C127,Vacuum Cleaner,Home,3,1738.36,2025-04-07 22:28:47.193730,Spain
1559,C127,Coffee Maker,Home,1,673.28,2024-12-02 19:28:23.165029,Germany
1560,C028,Comic,Books,1,352.92,2025-04-02 02:42:14.390225,Italy
1561,C009,Headphones,Electronics,2,103.49,2024-11-04 21:00:34.505028,Italy
1562,C191,Jacket,Clothing,1,52.99,2025-03-27 21:09:04.410630,France
1563,C170,Biography,Books,3,1618.22,2024-11-10 02:26:43.478701,Spain
1564,C142,Vacuum Cleaner,Home,4,1912.2,2025-02-12 06:56:41.539746,France
1565,C127,Biography,Books,2,1278.79,2025-03-20 18:06:53.862748,Germany
1566,C118,Laptop,Electronics,4,749.45,2025-02-23 07:10:58.411209,Italy
1567,C083,T-Shirt,Clothing,3,660.03,2025-03-27 09:53:32.632293,France
1568,C079,Jacket,Clothing,1,1888.62,2025-02-21 08:24:22.327059,Italy
1569,C163,Tablet,Electronics,3,467.76,2025-03-26 11:47:06.677317,Germany
1570,C101,Jeans,Clothing,3,456.65,2024-11-21 01:29:51.707459,Spain
1571,C015,Sneakers,Clothing,5,1523.35,2024-12-06 10:51:03.002156,Spain
1572,C022,Jacket,Clothing,5,849.65,2025-03-18 09:59:16.637309,Germany
1573,C080,T-Shirt,Clothing,5,952.75,2024-12-16 17:52:30.508879,Italy
1574,C119,Jeans,Clothing,3,1972.42,2025-03-18 14:19:43.558151,Germany
1575,C142,Jeans,Clothing,2,542.26,2025-02-08 08:30:13.546605,France
1576,C050,Comic,Books,3,293.29,2024-12-23 06:58:34.981682,Netherlands
1577,C121,Tablet,Electronics,4,1013.12,2025-03-18 21:08:32.007037,Spain
1578,C034,Sneakers,Clothing,5,1149.19,2024-11-02 17:18:36.877609,Italy
1579,C145,Blender,Home,2,1746.99,2025-03-17 21:37:26.166707,France
1580,C094,Blender,Home,3,106.84,2025-04-17 01:43:13.981230,Germany
1581,C111,Headphones,Electronics,5,509.8,2024-12-08 22:58:18.733796,Italy
1582,C036,T-Shirt,Clothing,4,1610.3,2025-02-14 21:44:10.668870,Germany
1583,C200,Comic,Books,3,659.32,2025-02-25 00:46:38.214468,Germany
1584,C051,Jeans,Clothing,1,1176.41,2024-11-03 01:22:33.489692,Italy
1585,C017,Laptop,Electronics,1,1946.48,2024-11-20 06:20:08.552580,France
1586,C193,Blender,Home,1,230.19,2024-12-10 04:54:05.836195,Netherlands
1587,C083,Blender,Home,2,1259.18,2025-04-14 11:36:50.097021,Spain
1588,C116,T-Shirt,Clothing,3,1280.8,2024-11-03 04:37:54.235933,Italy
1589,C106,Novel,Books,3,463.61,2025-02-04 16:03:53.692972,Netherlands
1590,C104,Headphones,Electronics,4,1848.85,2025-01-08 04:21:15.504370,France
1591,C045,T-Shirt,Clothing,1,428.01,2025-04-17 08:08:41.112633,Italy
1592,C072,Coffee Maker,Home,2,806.14,2024-12-29 12:15:30.948357,Spain
1593,C057,Tablet,Electronics,2,120.02,2025-04-11 12:57:05.932053,Italy
1594,C018,Coffee Maker,Home,2,187.76,2024-11-28 15:47:55.191649,Italy
1595,C115,Laptop,Electronics,2,1268.11,2025-03-06 18:05:54.920786,France
1596,C152,Laptop,Electronics,3,780.37,2024-11-13 18:49:31.757073,Germany
1597,C088,Air Purifier,Home,2,595.98,2025-02-13 04:29:25.227664,Italy
1598,C029,Headphones,Electronics,3,923.24,2025-03-06 23:47:03.024791,Germany
1599,C139,Smartphone,Electronics,4,995.59,2025-01-02 05:14:01.674645,Italy
1600,C094,Laptop,Electronics,3,848.87,2024-12-10 19:06:05.942699,Germany
1601,C064,T-Shirt,Clothing,5,1806.08,2024-12-22 19:55:22.186072,Netherlands
1602,C010,Jeans,Clothing,4,556.62,2024-11-25 08:33:06.747854,France
1603,C137,Textbook,Books,2,1989.39,2025-01-10 12:21:51.339679,Netherlands
1604,C134,Textbook,Books,4,73.03,2025-04-29 08:27:52.988004,France
1605,C049,Biography,Books,4,1548.01,2025-02-15 01:17:31.890337,Spain
1606,C197,Blender,Home,5,1031.11,2025-02-17 10:16:01.781892,Germany
1607,C172,Comic,Books,5,1025.14,2025-04-08 11:27:30.544656,Italy
1608,C057,Blender,Home,4,1622.02,2024-11-26 15:38:52.207427,Germany
1609,C095,Blender,Home,3,536.98,2024-11-04 15:55:17.129455,Italy
1610,C079,Coffee Maker,Home,4,1555.0,2025-04-21 08:52:37.365725,France
1611,C021,Sneakers,Clothing,2,418.41,2025-03-21 04:50:56.734432,Germany
1612,C188,Jacket,Clothing,5,344.27,2025-02-10 11:21:49.886679,Italy
1613,C069,Air Purifier,Home,3,684.74,2025-04-11 16:59:15.839936,Italy
1614,C082,Jeans,Clothing,5,1873.05,2025-01-12 03:21:07.422987,Italy
1615,C187,Smartphone,Electronics,5,84.08,2025-03-13 02:56:22.707023,Germany
1616,C008,Jeans,Clothing,1,308.71,2024-11-03 06:42:31.127835,Germany
1617,C088,Coffee Maker,Home,3,179.22,2025-01-07 19:34:16.075458,Germany
1618,C175,Vacuum Cleaner,Home,1,967.07,2025-01-14 17:42:09.253886,France
1619,C158,Novel,Books,5,1265.58,2025-03-30 00:13:22.045439,Spain
1620,C003,Headphones,Electronics,4,1986.41,2025-03-22 03:17:32.511502,Italy
1621,C053,Biography,Books,1,1530.34,2024-11-22 02:44:41.372731,Italy
1622,C160,Air Purifier,Home,4,1467.22,2025-03-01 11:27:11.225430,Netherlands
1623,C128,Coffee Maker,Home,5,1175.22,2025-04-27 14:17:35.120313,Germany
1624,C058,Coffee Maker,Home,4,1041.92,2025-02-20 16:05:01.508334,France
1625,C176,Novel,Books,1,1384.44,2024-12-03 21:58:23.137487,France
1626,C200,Headphones,Electronics,3,1686.3,2025-01-17 14:22:10.478327,France
1627,C136,Blender,Home,2,722.89,2025-03-18 00:40:00.219683,Italy
1628,C023,Tablet,Electronics,3,914.77,2024-11-11 13:43:12.325909,Germany
1629,C079,T-Shirt,Clothing,2,1934.51,2025-01-21 13:09:27.545475,France
1630,C197,Textbook,Books,5,931.13,2025-01-11 19:33:27.677170,France
1631,C196,Headphones,Electronics,2,233.64,2025-03-20 05:05:05.984747,Netherlands
1632,C010,Sneakers,Clothing,2,1045.0,2025-03-01 16:21:38.162850,Netherlands
1633,C174,Laptop,Electronics,2,644.0,2024-11-09 16:30:02.831171,France
1634,C040,Coffee Maker,Home,4,260.59,2025-04-24 02:48:28.377478,Netherlands
1635,C013,Smartphone,Electronics,5,1999.03,2024-12-06 09:21:51.899047,France
1636,C077,Novel,Books,2,986.1,2025-03-28 17:11:45.452371,Germany
1637,C007,Headphones,Electronics,1,1206.57,2025-02-01 10:36:30.776080,Italy
1638,C007,Comic,Books,3,1295.05,2025-01-15 17:12:30.514589,Germany
1639,C177,Sneakers,Clothing,5,1425.14,2025-02-17 20:29:04.807013,France
1640,C037,Jeans,Clothing,4,1527.07,2024-11-01 02:33:38.406636,Spain
1641,C013,Jacket,Clothing,2,1319.71,2024-12-06 21:57:50.330966,Italy
1642,C107,Biography,Books,4,177.55,2025-04-15 00:38:27.899296,Italy
1643,C120,Novel,Books,2,1351.6,2025-04-24 09:41:13.198517,France
1644,C124,Vacuum Cleaner,Home,5,223.9,2025-04-14 17:34:29.086977,Netherlands
1645,C090,Blender,Home,4,1967.21,2025-01-23 23:10:07.313159,Germany
1646,C146,Textbook,Books,1,556.87,2025-04-21 09:05:18.646802,France
1647,C128,Jacket,Clothing,3,1610.52,2025-03-31 22:30:40.080004,Italy
1648,C156,Vacuum Cleaner,Home,1,1318.29,2025-02-27 07:40:58.994236,Spain
1649,C087,Laptop,Electronics,3,640.11,2024-12-14 04:27:47.104269,Italy
1650,C075,Coffee Maker,Home,1,1142.43,2025-01-24 18:54:59.732687,Germany
1651,C044,Headphones,Electronics,4,1709.91,2024-11-27 17:39:36.417494,France
1652,C160,Tablet,Electronics,1,740.83,2024-12-02 01:20:51.123538,France
1653,C194,Biography,Books,5,771.1,2024-12-18 04:18:37.526555,Netherlands
1654,C077,Coffee Maker,Home,2,309.56,2024-12-29 15:13:02.706624,Italy
1655,C174,Sneakers,Clothing,2,55.97,2025-03-30 14:43:33.905156,Italy
1656,C024,Air Purifier,Home,3,1700.65,2024-12-31 14:07:02.116695,France
1657,C082,Biography,Books,5,771.4,2025-04-12 09:59:47.976828,Italy
1658,C094,Biography,Books,4,780.69,2025-04-03 05:50:40.175739,France
1659,C055,Headphones,Electronics,1,945.3,2025-04-15 01:17:46.030004,Germany
1660,C067,Jacket,Clothing,4,587.55,2025-02-01 16:24:23.424689,Italy
1661,C009,Smartphone,Electronics,3,1698.18,2024-12-13 02:45:14.482997,Germany
1662,C056,Jeans,Clothing,2,971.99,2025-04-15 12:53:41.218213,Netherlands
1663,C089,Biography,Books,4,1708.08,2024-12-04 01:22:08.184736,Netherlands
1664,C148,Vacuum Cleaner,Home,1,960.11,2025-02-05 01:01:02.283222,France
1665,C134,Tablet,Electronics,1,1473.01,2024-10-31 09:51:09.621291,France
1666,C105,Comic,Books,3,1229.95,2025-03-24 11:39:36.051817,Italy
1667,C032,T-Shirt,Clothing,4,340.09,2025-01-28 23:16:00.918832,Italy
1668,C075,Laptop,Electronics,4,1599.69,2024-11-01 06:08:28.336260,Italy
1669,C169,Blender,Home,1,1693.27,2025-03-08 10:45:57.645912,Netherlands
1670,C154,Vacuum Cleaner,Home,5,908.58,2025-04-15 10:15:16.425100,Spain
1671,C140,Sneakers,Clothing,4,1081.89,2024-12-31 00:23:05.403345,Netherlands
1672,C087,Coffee Maker,Home,1,362.04,2025-03-25 08:04:27.691376,Spain
1673,C154,Laptop,Electronics,2,1743.51,2025-03-03 00:09:30.606500,Germany
1674,C148,Blender,Home,1,1581.21,2025-03-26 00:04:04.148461,Netherlands
1675,C058,Coffee Maker,Home,3,140.41,2025-01-06 19:53:43.570218,Spain
1676,C119,Headphones,Electronics,1,1986.8,2024-11-22 08:55:03.671211,Italy
1677,C165,Blender,Home,1,1663.13,2024-12-08 04:07:46.099668,Italy
1678,C137,Jacket,Clothing,5,1316.71,2024-12-09 10:29:33.935659,Italy
1679,C059,Vacuum Cleaner,Home,5,1315.74,2025-02-01 21:13:17.038883,Germany
1680,C139,Blender,Home,3,315.22,2024-12-26 15:54:21.021206,Italy
1681,C011,Smartphone,Electronics,3,1779.62,2025-02-28 23:47:00.900269,Italy
1682,C026,T-Shirt,Clothing,3,1078.65,2025-04-01 12:16:35.674560,Netherlands
1683,C145,Biography,Books,2,1006.26,2024-12-14 00:21:25.254280,Germany
1684,C037,Air Purifier,Home,4,1725.01,2024-12-30 17:12:56.864136,Italy
1685,C044,Novel,Books,4,792.01,2024-10-30 14:09:30.001704,Netherlands
1686,C041,T-Shirt,Clothing,3,1308.68,2025-04-05 07:37:17.210452,Germany
1687,C144,Jeans,Clothing,2,371.17,2024-12-30 03:33:27.911645,Italy
1688,C024,Biography,Books,2,224.16,2024-11-03 01:52:37.806931,Germany
1689,C141,Coffee Maker,Home,2,1329.86,2025-02-02 11:22:34.548901,Germany
1690,C126,Jeans,Clothing,1,1821.97,2024-11-20 08:47:56.849117,Spain
1691,C063,Textbook,Books,4,847.32,2024-11-29 12:02:00.202411,Spain
1692,C096,Headphones,Electronics,5,1156.67,2025-04-12 11:32:53.542199,Spain
1693,C059,Laptop,Electronics,5,1754.54,2024-12-29 01:05:22.583613,Netherlands
1694,C129,Comic,Books,1,1978.65,2024-11-16 16:46:17.474050,Italy
1695,C050,T-Shirt,Clothing,3,1201.97,2025-03-02 18:50:41.913228,Italy
1696,C100,Novel,Books,3,1258.66,2025-01-01 07:31:28.007662,Italy
1697,C187,Smartphone,Electronics,5,1338.94,2025-01-06 03:38:56.933529,Spain
1698,C044,Laptop,Electronics,1,1525.79,2025-01-25 14:43:11.933997,France
1699,C027,Jacket,Clothing,3,672.85,2024-11-25 13:26:47.547388,Spain
1700,C080,Blender,Home,3,1723.54,2024-10-31 00:49:07.386388,Italy
1701,C024,Vacuum Cleaner,Home,2,1381.73,2025-01-09 02:59:08.668142,Spain
1702,C147,Headphones,Electronics,2,1449.45,2024-11-02 12:41:39.923821,Italy
1703,C086,Laptop,Electronics,3,1070.3,2025-01-31 20:02:33.292445,Italy
1704,C073,Jacket,Clothing,2,104.13,2025-03-31 18:31:01.128296,France
1705,C158,Air Purifier,Home,4,1537.8,2024-12-24 05:14:48.828356,Spain
1706,C090,Novel,Books,5,553.81,2025-04-03 05:47:16.365710,Italy
1707,C174,Air Purifier,Home,1,1736.35,2024-11-24 22:12:57.319680,France
1708,C098,Air Purifier,Home,3,1137.7,2025-02-27 04:36:37.839531,Italy
1709,C198,Coffee Maker,Home,4,1707.94,2025-01-24 04:43:14.410780,France
1710,C055,Comic,Books,5,838.11,2025-02-01 21:22:21.327450,Spain
1711,C091,Novel,Books,2,1040.25,2024-12-16 00:19:58.399822,Germany
1712,C018,Smartphone,Electronics,3,1654.74,2024-12-27 07:21:07.896353,France
1713,C094,Jacket,Clothing,1,1911.8,2025-03-25 13:22:26.676112,Spain
1714,C164,T-Shirt,Clothing,3,725.85,2025-03-16 18:41:37.708958,Netherlands
1715,C146,Smartphone,Electronics,1,1973.79,2025-03-25 19:18:13.672636,Netherlands
1716,C003,Vacuum Cleaner,Home,5,1574.09,2025-02-02 13:14:04.753140,Germany
1717,C047,Tablet,Electronics,3,1036.46,2025-01-02 13:14:37.656017,Spain
1718,C155,Comic,Books,3,1729.03,2024-12-02 12:00:20.523829,Netherlands
1719,C088,Smartphone,Electronics,4,979.38,2024-12-15 04:58:28.380306,Netherlands
1720,C066,Jacket,Clothing,1,1412.12,2024-12-09 17:29:20.013862,Germany
1721,C095,Biography,Books,5,1538.93,2025-04-02 21:58:29.023306,Spain
1722,C010,Coffee Maker,Home,1,1982.26,2024-11-11 22:20:28.117699,Germany
1723,C073,Jeans,Clothing,3,1096.8,2025-03-15 08:02:47.627158,Italy
1724,C064,Comic,Books,4,568.16,2025-01-06 08:59:34.784341,Netherlands
1725,C143,Sneakers,Clothing,2,539.15,2025-04-27 02:07:58.906742,Germany
1726,C019,Comic,Books,5,559.92,2025-03-22 15:47:59.917686,Spain
1727,C004,Blender,Home,1,348.78,2024-12-29 07:52:03.283681,Netherlands
1728,C133,Biography,Books,5,1051.82,2025-01-05 21:26:38.004215,Italy
1729,C060,Comic,Books,1,1046.27,2024-10-30 15:51:30.046010,Spain
1730,C199,Comic,Books,3,110.22,2024-12-20 16:29:49.996539,Netherlands
1731,C007,Headphones,Electronics,1,1654.78,2025-04-11 13:29:47.547627,Spain
1732,C115,Headphones,Electronics,2,586.89,2025-01-24 00:48:16.770230,Spain
1733,C114,T-Shirt,Clothing,5,1433.93,2024-12-19 23:42:35.372921,France
1734,C077,Laptop,Electronics,2,1438.8,2024-12-11 05:25:13.587124,France
1735,C139,Comic,Books,5,1436.95,2024-11-08 19:15:37.509109,Netherlands
1736,C091,Biography,Books,2,91.5,2025-01-16 16:41:53.185702,Spain
1737,C171,Laptop,Electronics,1,1481.83,2025-03-25 22:18:31.838222,Italy
1738,C119,Jeans,Clothing,3,1927.98,2025-01-09 09:01:52.349634,Italy
1739,C037,Vacuum Cleaner,Home,3,1415.26,2025-01-03 23:19:33.364022,France
1740,C114,Coffee Maker,Home,1,1419.88,2025-01-01 05:20:54.718894,Spain
1741,C192,Blender,Home,4,1010.69,2024-11-27 13:53:52.742487,Italy
1742,C069,Headphones,Electronics,2,685.27,2025-01-05 18:54:29.808712,France
1743,C118,Blender,Home,5,965.9,2025-04-26 07:38:58.935136,Netherlands
1744,C192,Comic,Books,3,165.41,2024-11-17 13:55:53.058355,Italy
1745,C028,Textbook,Books,3,358.73,2025-01-09 07:22:45.614666,Netherlands
1746,C081,Coffee Maker,Home,5,1205.3,2024-12-11 23:33:17.879613,Germany
1747,C147,Laptop,Electronics,1,1660.43,2024-12-29 03:02:28.895697,Netherlands
1748,C109,Headphones,Electronics,3,1939.06,2025-01-18 10:46:56.279589,Spain
1749,C044,Smartphone,Electronics,4,1691.9,2025-04-10 19:46:45.500615,Germany
1750,C199,Jeans,Clothing,5,655.86,2025-03-28 17:28:50.620541,France
1751,C001,T-Shirt,Clothing,3,1422.27,2024-11-18 00:18:02.791233,Netherlands
1752,C079,Air Purifier,Home,5,1880.54,2025-03-18 13:24:10.258603,France
1753,C065,Tablet,Electronics,3,1050.04,2025-03-01 04:18:24.188391,Germany
1754,C026,Comic,Books,1,1957.78,2025-04-20 05:49:07.108011,Germany
1755,C129,Coffee Maker,Home,3,189.04,2025-03-03 21:49:47.824877,Germany
1756,C167,Sneakers,Clothing,5,1668.26,2024-12-08 18:12:10.446219,Netherlands
1757,C163,Coffee Maker,Home,4,352.5,2024-12-30 15:53:18.640727,Netherlands
1758,C103,Smartphone,Electronics,1,1033.99,2025-03-26 10:09:21.905765,France
1759,C067,T-Shirt,Clothing,2,1626.84,2025-01-04 20:34:52.774749,Netherlands
1760,C009,Novel,Books,4,307.92,2025-03-23 03:52:55.079131,Spain
1761,C092,Headphones,Electronics,2,1224.27,2025-02-14 17:37:46.887975,Spain
1762,C019,T-Shirt,Clothing,1,1663.9,2025-03-04 10:44:35.936272,Italy
1763,C013,Textbook,Books,3,1164.59,2025-01-08 09:21:32.957276,Netherlands
1764,C120,T-Shirt,Clothing,3,1653.62,2024-12-28 04:44:20.057552,Spain
1765,C168,Tablet,Electronics,4,1207.2,2025-04-21 21:46:43.422588,Italy
1766,C173,Tablet,Electronics,5,1829.35,2025-04-25 02:24:16.708172,France
1767,C027,Air Purifier,Home,1,1700.57,2025-02-13 01:08:23.763314,Italy
1768,C086,Sneakers,Clothing,5,751.19,2025-03-19 03:34:07.361336,Spain
1769,C172,Vacuum Cleaner,Home,5,176.69,2025-02-07 07:28:43.716594,Italy
1770,C013,Blender,Home,2,1443.2,2025-03-31 20:12:34.764332,Italy
1771,C135,Air Purifier,Home,4,236.87,2024-12-30 02:21:36.261486,Spain
1772,C119,T-Shirt,Clothing,2,1438.92,2024-11-01 22:46:53.038905,Germany
1773,C114,Biography,Books,1,1518.19,2024-11-01 06:11:30.782186,Netherlands
1774,C127,Textbook,Books,4,692.26,2024-10-31 23:36:25.021666,France
1775,C067,Air Purifier,Home,2,774.36,2024-11-17 21:04:08.135900,Netherlands
1776,C102,T-Shirt,Clothing,2,871.55,2025-04-12 00:01:52.835681,Netherlands
1777,C108,Jeans,Clothing,2,118.99,2024-11-22 03:22:50.146845,Netherlands
1778,C107,Comic,Books,5,1148.91,2024-11-24 17:37:50.790106,Spain
1779,C091,Air Purifier,Home,1,239.01,2024-12-07 08:18:10.550140,Italy
1780,C054,T-Shirt,Clothing,5,1069.1,2024-11-27 15:23:47.896558,Spain
1781,C088,Air Purifier,Home,3,1503.91,2025-02-17 13:32:26.591084,Spain
1782,C155,Vacuum Cleaner,Home,4,1065.04,2025-02-28 11:29:17.816196,Germany
1783,C164,Blender,Home,3,1675.51,2024-11-20 07:57:19.518015,Germany
1784,C170,Smartphone,Electronics,2,520.82,2025-01-26 06:57:23.206122,Netherlands
1785,C134,Smartphone,Electronics,2,1655.49,2025-03-06 20:23:30.162842,Spain
1786,C147,Textbook,Books,3,1433.52,2025-03-02 19:42:11.532750,Germany
1787,C047,Jacket,Clothing,4,13.76,2025-01-17 00:03:21.557041,Italy
1788,C144,Jacket,Clothing,4,192.92,2025-02-04 15:16:22.623744,Germany
1789,C087,Novel,Books,4,1834.6,2025-04-12 08:05:40.092523,Netherlands
1790,C104,Novel,Books,1,654.89,2024-12-12 14:18:38.295655,Germany
1791,C051,Laptop,Electronics,2,1874.86,2025-02-20 21:59:07.980769,France
1792,C068,Biography,Books,2,888.53,2025-01-06 01:36:03.417868,Netherlands
1793,C170,Tablet,Electronics,4,1867.9,2025-02-07 20:41:24.470112,Netherlands
1794,C098,Comic,Books,2,1255.85,2024-11-10 06:54:18.571370,Italy
1795,C013,Laptop,Electronics,4,850.53,2025-03-27 05:59:37.968957,France
1796,C041,Comic,Books,5,56.8,2025-01-10 12:47:41.872354,Netherlands
1797,C199,T-Shirt,Clothing,2,450.96,2025-04-03 18:38:43.398565,Germany
1798,C150,Air Purifier,Home,4,1859.39,2025-03-07 05:08:32.814268,Netherlands
1799,C050,Biography,Books,5,1749.56,2024-11-12 20:19:12.620243,Germany
1800,C019,Biography,Books,3,424.31,2024-12-15 19:35:35.482971,France
1801,C007,Blender,Home,3,343.85,2025-02-25 14:08:40.896647,Italy
1802,C105,Comic,Books,3,1965.13,2025-02-12 19:15:03.278361,Germany
1803,C167,Laptop,Electronics,4,445.22,2025-03-04 09:37:35.239172,France
1804,C146,Comic,Books,1,143.23,2024-11-26 10:19:25.584257,Germany
1805,C090,Tablet,Electronics,3,374.89,2025-02-09 15:39:37.259297,Spain
1806,C030,Novel,Books,4,862.74,2025-03-12 00:03:51.657750,Germany
1807,C162,Headphones,Electronics,2,1823.35,2025-03-14 16:35:44.960258,France
1808,C164,Jeans,Clothing,5,810.17,2025-02-24 16:43:56.113394,France
1809,C118,Blender,Home,3,1122.83,2024-12-06 06:13:35.785589,France
1810,C106,Smartphone,Electronics,4,1777.96,2025-03-11 09:01:32.931610,Spain
1811,C071,Blender,Home,4,1112.37,2025-02-28 05:32:55.042528,France
1812,C065,Smartphone,Electronics,4,1456.61,2024-11-11 03:24:40.940894,Netherlands
1813,C152,Coffee Maker,Home,2,640.26,2025-03-24 07:38:58.909236,France
1814,C055,Comic,Books,1,1807.53,2025-01-08 06:38:14.084503,Germany
1815,C066,Blender,Home,5,648.21,2025-04-05 18:09:19.684178,Italy
1816,C111,Jeans,Clothing,3,817.87,2025-04-23 23:57:25.600067,Germany
1817,C136,Novel,Books,3,1941.83,2025-02-02 09:00:34.073024,Spain
1818,C130,Comic,Books,4,1651.64,2024-11-13 23:33:32.247586,Netherlands
1819,C115,Air Purifier,Home,1,598.93,2024-12-27 13:43:27.313053,Italy
1820,C079,Sneakers,Clothing,2,1175.81,2025-01-06 00:57:20.603519,Germany
1821,C178,Jacket,Clothing,5,962.28,2025-04-28 11:00:33.686976,Germany
1822,C060,Jeans,Clothing,5,1037.22,2025-01-08 20:27:47.455403,Spain
1823,C054,Tablet,Electronics,2,1365.65,2025-01-19 03:26:42.534656,Italy
1824,C009,Jeans,Clothing,5,1001.34,2024-12-27 21:16:33.832523,Italy
1825,C053,Novel,Books,5,822.53,2025-04-18 04:20:51.876735,Netherlands
1826,C082,Coffee Maker,Home,4,1270.09,2025-02-04 23:55:19.065967,Germany
1827,C168,Sneakers,Clothing,1,718.46,2025-04-23 10:38:48.163556,Spain
1828,C166,Jacket,Clothing,3,1633.13,2025-03-16 16:50:30.566576,Spain
1829,C116,Smartphone,Electronics,3,1314.01,2025-02-19 12:41:51.565765,France
1830,C174,Blender,Home,1,1654.61,2025-04-13 04:52:33.576782,France
1831,C025,Laptop,Electronics,4,191.91,2024-12-22 01:59:53.249240,Netherlands
1832,C154,Novel,Books,2,329.74,2024-12-03 05:08:45.301127,Spain
1833,C037,Vacuum Cleaner,Home,3,1284.8,2024-12-30 23:47:11.015786,Italy
1834,C011,Vacuum Cleaner,Home,4,1438.66,2025-02-14 09:32:25.712684,Germany
1835,C036,Comic,Books,1,255.68,2025-03-06 10:45:06.881922,Netherlands
1836,C062,Biography,Books,3,1796.81,2024-12-10 00:07:22.447155,Netherlands
1837,C154,Coffee Maker,Home,5,1703.89,2025-01-11 09:39:09.535616,Spain
1838,C066,Sneakers,Clothing,1,1899.42,2025-03-12 10:55:26.048365,Spain
1839,C126,Tablet,Electronics,3,1020.65,2024-11-20 23:36:56.597140,France
1840,C127,Smartphone,Electronics,2,736.46,2025-03-11 11:47:25.559761,Spain
1841,C107,Novel,Books,2,1482.74,2025-03-04 10:20:47.332155,Germany
1842,C079,Headphones,Electronics,3,42.69,2024-12-13 15:57:59.187204,Italy
1843,C068,Smartphone,Electronics,5,989.09,2025-01-25 13:57:58.821271,France
1844,C069,Jeans,Clothing,5,278.36,2025-02-24 14:54:22.966489,Spain
1845,C077,Blender,Home,3,1800.14,2025-01-21 06:30:43.510302,Spain
1846,C019,Jeans,Clothing,2,528.48,2025-04-23 08:44:23.459147,France
1847,C103,Comic,Books,4,206.33,2025-01-30 16:50:13.342874,Spain
1848,C063,Comic,Books,2,298.74,2025-03-01 17:24:44.515722,Spain
1849,C044,Tablet,Electronics,5,1377.6,2024-11-25 01:49:13.921039,Spain
1850,C188,Tablet,Electronics,2,231.8,2024-12-06 07:52:34.356040,Spain
1851,C009,Air Purifier,Home,4,698.13,2025-01-18 08:49:14.923359,Italy
1852,C143,Tablet,Electronics,4,205.4,2025-04-11 07:43:06.958590,Germany
1853,C179,T-Shirt,Clothing,4,209.02,2024-11-22 00:00:30.932801,France
1854,C184,Sneakers,Clothing,2,880.0,2025-02-08 12:03:17.915011,Netherlands
1855,C182,Textbook,Books,2,167.3,2025-01-11 14:07:31.173122,Germany
1856,C065,Air Purifier,Home,2,1997.89,2025-01-26 13:24:06.913027,Germany
1857,C134,Jacket,Clothing,3,1416.65,2024-12-12 22:21:25.973084,Germany
1858,C089,Headphones,Electronics,1,1065.69,2025-03-07 21:24:36.756420,Italy
1859,C128,Laptop,Electronics,3,1371.19,2024-11-12 18:38:31.545432,Italy
1860,C139,Laptop,Electronics,2,816.42,2025-01-04 04:53:34.899618,Netherlands
1861,C144,Jeans,Clothing,3,690.94,2025-04-09 18:02:56.450630,France
1862,C150,Coffee Maker,Home,1,1933.49,2025-01-11 03:59:54.779863,Germany
1863,C065,Tablet,Electronics,3,1241.51,2025-04-04 06:27:12.671192,Spain
1864,C182,Blender,Home,4,182.8,2025-03-12 22:09:41.639956,Netherlands
1865,C014,Textbook,Books,5,1327.31,2024-12-04 01:17:48.953123,Germany
1866,C169,Vacuum Cleaner,Home,4,477.21,2024-11-10 23:17:11.274070,Italy
1867,C159,Headphones,Electronics,3,1328.96,2025-02-19 23:50:06.430614,Italy
1868,C091,Biography,Books,2,1915.24,2025-01-23 17:44:22.494287,France
1869,C123,Air Purifier,Home,1,1396.07,2024-11-22 13:14:56.424202,Spain
1870,C071,Laptop,Electronics,5,1721.45,2025-01-06 00:21:25.720492,Spain
1871,C053,Smartphone,Electronics,5,80.31,2024-12-15 13:45:56.214377,France
1872,C047,Vacuum Cleaner,Home,1,1526.98,2025-01-26 06:41:51.773587,France
1873,C077,Headphones,Electronics,4,228.27,2024-12-10 18:08:14.685820,Germany
1874,C155,Jeans,Clothing,4,695.13,2024-12-24 07:47:50.979173,Germany
1875,C090,Vacuum Cleaner,Home,1,959.5,2025-03-26 12:08:34.757665,Spain
1876,C169,Laptop,Electronics,5,1870.34,2024-12-26 23:15:08.782915,Netherlands
1877,C006,Tablet,Electronics,2,790.94,2025-02-21 19:09:58.123233,Spain
1878,C195,Air Purifier,Home,2,388.55,2025-04-28 16:15:21.903385,France
1879,C055,Air Purifier,Home,5,858.07,2024-12-19 21:29:11.184146,Spain
1880,C194,T-Shirt,Clothing,5,417.26,2025-02-04 20:46:27.808056,Germany
1881,C020,Smartphone,Electronics,4,1427.13,2025-01-14 23:26:29.495764,Germany
1882,C172,Air Purifier,Home,1,1012.15,2025-02-14 09:27:47.292750,Netherlands
1883,C069,Tablet,Electronics,3,704.43,2024-12-05 11:24:08.141468,Germany
1884,C023,Smartphone,Electronics,1,756.45,2024-11-10 05:39:22.393548,Germany
1885,C113,Laptop,Electronics,2,902.39,2024-11-22 13:27:57.523990,France
1886,C033,Textbook,Books,2,345.69,2024-12-02 13:05:09.741176,Germany
1887,C125,Headphones,Electronics,4,1509.14,2024-11-16 23:18:35.294441,Netherlands
1888,C193,Biography,Books,3,436.62,2025-02-09 03:34:42.977200,Germany
1889,C064,Laptop,Electronics,5,573.61,2025-02-15 01:53:52.693334,Germany
1890,C002,Laptop,Electronics,5,1597.38,2025-04-19 20:04:26.102345,France
1891,C120,Biography,Books,2,1008.83,2024-12-29 06:23:20.778600,France
1892,C003,Tablet,Electronics,3,1677.96,2025-03-22 12:12:03.214156,Italy
1893,C068,Jacket,Clothing,3,945.07,2025-02-01 10:57:08.105469,Spain
1894,C061,Jeans,Clothing,5,1238.67,2025-03-16 20:18:25.858196,Germany
1895,C156,Vacuum Cleaner,Home,3,101.54,2025-01-08 12:04:18.494520,Netherlands
1896,C086,Vacuum Cleaner,Home,3,536.64,2025-02-25 06:58:27.627974,Netherlands
1897,C141,Laptop,Electronics,5,1731.09,2025-04-30 05:30:42.464171,Netherlands
1898,C175,Biography,Books,2,1232.33,2024-12-01 14:03:15.240932,Germany
1899,C088,Textbook,Books,5,1309.78,2025-03-30 11:09:33.689437,Italy
1900,C105,Biography,Books,5,1902.13,2025-03-04 18:03:32.383949,France
1901,C005,Air Purifier,Home,3,1585.74,2025-02-22 02:00:07.949663,France
1902,C064,Vacuum Cleaner,Home,1,812.69,2025-03-23 23:38:49.966297,Italy
1903,C114,Sneakers,Clothing,1,1824.29,2024-11-09 03:08:16.955673,France
1904,C177,Smartphone,Electronics,4,1608.73,2025-03-08 06:50:06.833941,Germany
1905,C012,Headphones,Electronics,1,1851.52,2025-04-09 01:23:45.651645,Netherlands
1906,C007,Laptop,Electronics,3,1274.41,2025-04-19 10:19:14.662620,Italy
1907,C095,Smartphone,Electronics,3,519.62,2025-04-05 00:24:55.792502,Italy
1908,C021,T-Shirt,Clothing,5,1587.27,2025-03-24 16:42:28.969627,Netherlands
1909,C093,Vacuum Cleaner,Home,3,1844.33,2024-12-08 13:49:36.780872,Italy
1910,C009,Novel,Books,4,1150.39,2025-01-02 21:55:14.207345,Netherlands
1911,C045,Jeans,Clothing,4,18.82,2025-01-27 02:52:27.311524,Netherlands
1912,C152,Sneakers,Clothing,3,530.8,2025-02-01 23:11:00.645184,Netherlands
1913,C158,Novel,Books,5,1375.79,2025-02-19 05:33:47.274411,Germany
1914,C098,T-Shirt,Clothing,3,1524.57,2025-03-19 15:06:08.801031,France
1915,C018,Air Purifier,Home,3,902.61,2024-11-27 11:33:17.699893,Italy
1916,C038,Laptop,Electronics,4,1553.16,2025-03-07 06:18:27.324335,France
1917,C049,Vacuum Cleaner,Home,3,979.59,2025-01-29 03:16:40.123986,Germany
1918,C126,Comic,Books,2,1694.59,2025-03-18 00:11:22.989606,Spain
1919,C103,Coffee Maker,Home,5,818.93,2025-03-09 15:43:31.671432,Spain
1920,C048,Jacket,Clothing,2,100.26,2025-02-04 15:36:45.654767,Netherlands
1921,C169,Tablet,Electronics,4,1346.41,2025-03-09 16:49:43.606827,Spain
1922,C004,Textbook,Books,1,1223.5,2024-12-08 23:06:51.514485,Italy
1923,C059,Novel,Books,1,1062.84,2024-11-19 13:37:48.283640,Netherlands
1924,C044,Jacket,Clothing,3,118.21,2024-11-24 10:16:17.571156,Netherlands
1925,C015,Jacket,Clothing,4,1809.56,2024-11-22 05:45:33.764084,Italy
1926,C172,Coffee Maker,Home,4,151.13,2024-11-08 05:09:54.987743,Netherlands
1927,C051,Tablet,Electronics,5,937.57,2025-01-17 10:11:33.830739,France
1928,C051,Coffee Maker,Home,1,696.3,2025-01-19 03:23:50.464447,Germany
1929,C077,Novel,Books,1,984.37,2025-04-04 19:06:18.058025,Spain
1930,C007,Smartphone,Electronics,3,759.28,2025-01-25 17:37:27.299927,Netherlands
1931,C155,Smartphone,Electronics,3,1557.48,2024-12-13 09:20:12.642400,Netherlands
1932,C127,Biography,Books,3,1549.68,2025-01-03 16:03:13.479112,Germany
1933,C128,Comic,Books,2,809.35,2025-01-14 15:40:34.851094,Spain
1934,C103,Vacuum Cleaner,Home,5,111.5,2024-12-23 08:07:14.674271,Italy
1935,C009,Smartphone,Electronics,5,608.54,2024-12-07 23:43:56.447634,Netherlands
1936,C052,Novel,Books,3,1263.92,2025-01-15 06:14:04.978052,Germany
1937,C082,Novel,Books,2,814.74,2025-04-16 08:25:28.202304,Germany
1938,C120,Comic,Books,2,677.04,2025-02-12 22:16:53.586817,France
1939,C158,Jacket,Clothing,1,326.72,2025-04-09 22:10:59.820831,Netherlands
1940,C024,T-Shirt,Clothing,2,1888.13,2025-01-26 03:51:13.336159,Germany
1941,C086,Vacuum Cleaner,Home,5,1085.88,2025-03-04 09:07:22.482934,Germany
1942,C036,Tablet,Electronics,5,795.37,2025-01-07 13:53:20.562890,Spain
1943,C002,Air Purifier,Home,4,1954.86,2025-03-29 13:07:33.945879,Italy
1944,C198,Blender,Home,1,1505.13,2024-11-29 23:33:37.418714,Germany
1945,C167,Tablet,Electronics,4,395.82,2025-02-13 14:03:15.275874,Germany
1946,C194,Comic,Books,4,620.95,2024-12-15 21:34:57.987639,Spain
1947,C152,Textbook,Books,5,684.85,2025-04-17 12:27:15.051740,Spain
1948,C083,Jeans,Clothing,2,436.98,2025-04-18 09:39:33.771243,Italy
1949,C049,Smartphone,Electronics,3,446.37,2024-12-10 05:15:48.611670,Italy
1950,C114,Biography,Books,1,451.84,2025-02-14 13:10:42.181908,Netherlands
1951,C161,Vacuum Cleaner,Home,5,697.6,2024-11-14 23:43:53.688890,Netherlands
1952,C074,Coffee Maker,Home,1,1965.89,2024-12-17 16:59:04.470599,Germany
1953,C090,Tablet,Electronics,5,1420.72,2025-04-09 18:15:33.947637,Germany
1954,C180,Biography,Books,2,919.63,2025-02-26 14:32:21.774153,Spain
1955,C199,Novel,Books,1,953.57,2024-11-02 03:00:27.491036,Germany
1956,C092,Headphones,Electronics,2,210.14,2025-02-07 17:17:46.004289,Spain
1957,C119,Jeans,Clothing,3,1566.29,2025-03-14 14:14:34.158442,Netherlands
1958,C062,Laptop,Electronics,4,1213.0,2024-11-14 06:39:17.523745,Germany
1959,C161,Air Purifier,Home,3,886.29,2025-04-26 00:39:35.639536,Spain
1960,C105,Blender,Home,5,1925.62,2024-11-02 07:50:16.655594,Netherlands
1961,C147,Jeans,Clothing,2,989.7,2025-01-07 13:50:23.952611,France
1962,C131,Coffee Maker,Home,5,1046.68,2025-02-18 09:19:01.612733,Spain
1963,C119,T-Shirt,Clothing,3,1589.75,2024-11-13 07:41:45.831133,Germany
1964,C098,Smartphone,Electronics,3,1485.26,2024-11-12 12:53:55.606353,Italy
1965,C161,Sneakers,Clothing,5,794.05,2025-02-07 06:14:13.412567,Germany
1966,C088,Jacket,Clothing,3,675.1,2025-02-14 18:03:51.144127,Netherlands
1967,C131,Jeans,Clothing,2,1136.93,2024-11-14 20:22:14.479566,Germany
1968,C094,Coffee Maker,Home,4,1061.41,2025-04-03 05:01:09.936750,Germany
1969,C011,Comic,Books,1,712.93,2024-10-31 20:46:21.616652,France
1970,C095,Laptop,Electronics,5,1379.88,2024-12-09 21:54:44.559882,Germany
1971,C165,Textbook,Books,1,300.44,2024-11-04 12:46:21.387617,France
1972,C172,Jeans,Clothing,2,1438.21,2024-11-30 07:25:13.181911,Netherlands
1973,C106,Blender,Home,3,1989.89,2024-11-30 08:18:56.734655,Netherlands
1974,C185,Vacuum Cleaner,Home,3,771.33,2025-03-27 11:43:06.601018,Germany
1975,C104,Laptop,Electronics,3,408.54,2025-02-23 04:46:00.511670,France
1976,C098,Biography,Books,3,662.78,2025-02-18 02:09:27.060489,Netherlands
1977,C079,Jeans,Clothing,2,1297.46,2025-04-15 03:20:57.571827,Italy
1978,C080,Textbook,Books,2,1649.1,2024-12-22 11:34:29.236616,Italy
1979,C065,Novel,Books,1,589.77,2025-03-28 01:10:41.979820,Spain
1980,C003,Headphones,Electronics,1,483.1,2025-01-05 08:03:16.926777,Spain
1981,C077,Jeans,Clothing,2,1932.58,2025-02-25 13:57:32.639629,Netherlands
1982,C133,T-Shirt,Clothing,5,1481.05,2025-02-16 14:19:09.369897,Italy
1983,C099,Comic,Books,2,477.98,2024-12-04 02:39:52.378775,Germany
1984,C040,Sneakers,Clothing,3,1809.17,2025-02-06 18:29:24.447924,Germany
1985,C127,Smartphone,Electronics,1,45.6,2025-03-27 07:21:15.597448,Italy
1986,C043,Coffee Maker,Home,4,1929.33,2024-12-27 07:37:10.801684,Netherlands
1987,C024,Blender,Home,2,217.39,2024-11-25 08:13:48.744432,Netherlands
1988,C142,Vacuum Cleaner,Home,5,119.91,2024-11-19 19:14:58.404953,Italy
1989,C148,Vacuum Cleaner,Home,3,1574.04,2024-11-25 02:51:34.970808,Netherlands
1990,C014,Headphones,Electronics,4,651.05,2024-11-23 05:47:39.963580,Spain
1991,C073,Novel,Books,2,1273.83,2025-03-13 23:52:36.677780,Netherlands
1992,C039,Jeans,Clothing,3,1723.85,2025-03-31 16:02:05.024826,Spain
1993,C174,Headphones,Electronics,2,1430.36,2024-11-13 04:11:38.981905,Germany
1994,C055,Textbook,Books,5,1135.29,2024-12-14 17:11:45.692810,Italy
1995,C047,Vacuum Cleaner,Home,1,767.97,2025-02-05 20:49:11.847610,Spain
1996,C070,Sneakers,Clothing,5,902.32,2025-01-04 17:54:15.550905,Netherlands
1997,C049,Smartphone,Electronics,3,458.97,2024-11-30 20:28:53.891681,Germany
1998,C165,Novel,Books,1,661.04,2025-01-30 10:02:35.742333,France
1999,C105,T-Shirt,Clothing,4,1017.55,2025-03-02 18:26:59.270575,France
